[
	{
		"defaultLimit" : 0,
		"defaultPriority" : -100,
		"isOptional": true,
		"name" : "Khanx.SimpleFluids.Merchant.WaterBucket",
		"requires" : [
			{"amount":25,"type":"goldcoin"}
		],
		"results" : [
			{"amount":10,"type":"Khanx.SimpleFluids.WaterBucket"}
		]
	},
	{
		"defaultLimit" : 0,
		"defaultPriority" : -100,
		"isOptional": true,
		"name" : "Khanx.SimpleFluids.Merchant.LavaBucket",
		"requires" : [
			{"amount":50,"type":"goldcoin"}
		],
		"results" : [
			{"amount":10,"type":"Khanx.SimpleFluids.LavaBucket"}
		]
	}
]