[{
		"defaultLimit": 150,
		"defaultPriority": 0,
		"isOptional": false,
		"name": "Nach0CementPowderCraft-Nach0CrusherJob",
		"requires": [{
			"amount": 10,
			"type": "stonebricks"
		}],
		"results": [{
			"type": "Nach0CementPowder"
		}]
	},
	{
		"defaultLimit": 50,
		"defaultPriority": -100,
		"isOptional": true,
		"name": "Nach0IceBroken1Craft-Nach0CrusherJob",
		"requires": [{
			"amount": 1,
			"type": "Nach0IceBlock"
		}],
		"results": [{
			"type": "Nach0IceBroken1"
		}]
	},
	{
		"defaultLimit": 50,
		"defaultPriority": -100,
		"isOptional": true,
		"name": "Nach0IceBroken2Craft-Nach0CrusherJob",
		"requires": [{
			"amount": 1,
			"type": "Nach0IceBroken1"
		}],
		"results": [{
			"type": "Nach0IceBroken2"
		}]
	},
	{
		"defaultLimit": 50,
		"defaultPriority": -100,
		"isOptional": true,
		"name": "Nach0IceBroken3Craft-Nach0CrusherJob",
		"requires": [{
			"amount": 1,
			"type": "Nach0IceBroken2"
		}],
		"results": [{
			"type": "Nach0IceBroken3"
		}]
	}
]