[{
		"defaultLimit": 50,
		"defaultPriority": 0,
		"isOptional": true,
		"name": "Nach0SmoothedAquaConcreteCraft-Nach0SanderJob",
		"requires": [{
			"amount": 1,
			"type": "Nach0AquaConcrete"
		}],
		"results": [{
			"type": "Nach0SmoothedAquaConcrete"
		}]
	},
	{
		"defaultLimit": 50,
		"defaultPriority": 0,
		"isOptional": true,
		"name": "Nach0SmoothedBlackConcreteCraft-Nach0SanderJob",
		"requires": [{
			"amount": 1,
			"type": "Nach0BlackConcrete"
		}],
		"results": [{
			"type": "Nach0SmoothedBlackConcrete"
		}]
	},
	{
		"defaultLimit": 50,
		"defaultPriority": 0,
		"isOptional": true,
		"name": "Nach0SmoothedBlueConcreteCraft-Nach0SanderJob",
		"requires": [{
			"amount": 1,
			"type": "Nach0BlueConcrete"
		}],
		"results": [{
			"type": "Nach0SmoothedBlueConcrete"
		}]
	},
	{
		"defaultLimit": 50,
		"defaultPriority": 0,
		"isOptional": true,
		"name": "Nach0SmoothedBrownConcreteCraft-Nach0SanderJob",
		"requires": [{
			"amount": 1,
			"type": "Nach0BrownConcrete"
		}],
		"results": [{
			"type": "Nach0SmoothedBrownConcrete"
		}]
	},
	{
		"defaultLimit": 50,
		"defaultPriority": 0,
		"isOptional": true,
		"name": "Nach0SmoothedDarkGreenConcreteCraft-Nach0SanderJob",
		"requires": [{
			"amount": 1,
			"type": "Nach0DarkGreenConcrete"
		}],
		"results": [{
			"type": "Nach0SmoothedDarkGreenConcrete"
		}]
	},
	{
		"defaultLimit": 50,
		"defaultPriority": 0,
		"isOptional": true,
		"name": "Nach0SmoothedGreenConcreteCraft-Nach0SanderJob",
		"requires": [{
			"amount": 1,
			"type": "Nach0GreenConcrete"
		}],
		"results": [{
			"type": "Nach0SmoothedGreenConcrete"
		}]
	},
	{
		"defaultLimit": 50,
		"defaultPriority": 0,
		"isOptional": true,
		"name": "Nach0SmoothedConcreteCraft-Nach0SanderJob",
		"requires": [{
			"amount": 1,
			"type": "Nach0Concrete"
		}],
		"results": [{
			"type": "Nach0SmoothedConcrete"
		}]
	},
	{
		"defaultLimit": 50,
		"defaultPriority": 0,
		"isOptional": true,
		"name": "Nach0SmoothedLightBlueConcreteCraft-Nach0SanderJob",
		"requires": [{
			"amount": 1,
			"type": "Nach0LightBlueConcrete"
		}],
		"results": [{
			"type": "Nach0SmoothedLightBlueConcrete"
		}]
	},
	{
		"defaultLimit": 50,
		"defaultPriority": 0,
		"isOptional": true,
		"name": "Nach0SmoothedOrangeConcreteCraft-Nach0SanderJob",
		"requires": [{
			"amount": 1,
			"type": "Nach0OrangeConcrete"
		}],
		"results": [{
			"type": "Nach0SmoothedOrangeConcrete"
		}]
	},
	{
		"defaultLimit": 50,
		"defaultPriority": 0,
		"isOptional": true,
		"name": "Nach0SmoothedPinkConcreteCraft-Nach0SanderJob",
		"requires": [{
			"amount": 1,
			"type": "Nach0PinkConcrete"
		}],
		"results": [{
			"type": "Nach0SmoothedPinkConcrete"
		}]
	},
	{
		"defaultLimit": 50,
		"defaultPriority": 0,
		"isOptional": true,
		"name": "Nach0SmoothedPurpleConcreteCraft-Nach0SanderJob",
		"requires": [{
			"amount": 1,
			"type": "Nach0PurpleConcrete"
		}],
		"results": [{
			"type": "Nach0SmoothedPurpleConcrete"
		}]
	},
	{
		"defaultLimit": 50,
		"defaultPriority": 0,
		"isOptional": true,
		"name": "Nach0SmoothedRedConcreteCraft-Nach0SanderJob",
		"requires": [{
			"amount": 1,
			"type": "Nach0RedConcrete"
		}],
		"results": [{
			"type": "Nach0SmoothedRedConcrete"
		}]
	},
	{
		"defaultLimit": 50,
		"defaultPriority": 0,
		"isOptional": true,
		"name": "Nach0SmoothedWhiteConcreteCraft-Nach0SanderJob",
		"requires": [{
			"amount": 1,
			"type": "Nach0WhiteConcrete"
		}],
		"results": [{
			"type": "Nach0SmoothedWhiteConcrete"
		}]
	},
	{
		"defaultLimit": 50,
		"defaultPriority": 0,
		"isOptional": true,
		"name": "Nach0SmoothedYellowConcreteCraft-Nach0SanderJob",
		"requires": [{
			"amount": 1,
			"type": "Nach0YellowConcrete"
		}],
		"results": [{
			"type": "Nach0SmoothedYellowConcrete"
		}]
	},
	{
		"defaultLimit": 50,
		"defaultPriority": 0,
		"isOptional": true,
		"name": "Nach0SmoothedMagentaConcreteCraft-Nach0SanderJob",
		"requires": [{
			"amount": 1,
			"type": "Nach0MagentaConcrete"
		}],
		"results": [{
			"type": "Nach0SmoothedMagentaConcrete"
		}]
	}
]