[{
		"defaultLimit": 5,
		"defaultPriority": -100,
		"isOptional": true,
		"name": "Nach0Dirt1Craft-pipliz.merchant",
		"requires": [{
			"amount": 25,
			"type": "Nach0SilverCoins"
		}],
		"results": [{
			"amount": 1,
			"type": "Nach0Dirt1"
		}]
	},
	{
		"defaultLimit": 5,
		"defaultPriority": -100,
		"isOptional": true,
		"name": "Nach0Dirt2Craft-pipliz.merchant",
		"requires": [{
			"amount": 25,
			"type": "Nach0SilverCoins"
		}],
		"results": [{
			"amount": 1,
			"type": "Nach0Dirt2"
		}]
	},
	{
		"defaultLimit": 5,
		"defaultPriority": -100,
		"isOptional": true,
		"name": "Nach0Dirt3Craft-pipliz.merchant",
		"requires": [{
			"amount": 25,
			"type": "Nach0SilverCoins"
		}],
		"results": [{
			"amount": 1,
			"type": "Nach0Dirt3"
		}]
	}
]