[{
		"defaultLimit": 5,
		"defaultPriority": -100,
		"isOptional": true,
		"name": "Nach0HayCraft-pipliz.merchant",
		"requires": [{
			"amount": 25,
			"type": "Nach0SilverCoins"
		}],
		"results": [{
			"type": "Nach0Hay"
		}]
	},
	{
		"defaultLimit": 5,
		"defaultPriority": -100,
		"isOptional": true,
		"name": "Nach0CrystalBlockCraft-pipliz.merchant",
		"requires": [{
			"amount": 25,
			"type": "Nach0SilverCoins"
		}],
		"results": [{
			"type": "Nach0CrystalBlock"
		}]
	},
	{
		"defaultLimit": 50,
		"defaultPriority": 0,
		"isOptional": true,
		"name": "Nach0SilverOreCraft-pipliz.merchant",
		"requires": [{
			"amount": 100,
			"type": "goldcoin"
		}],
		"results": [{
			"type": "Nach0SilverOre"
		}]
	},
	{
		"defaultLimit": 50,
		"defaultPriority": 0,
		"isOptional": true,
		"name": "Nach0PlatniumOreCraft-pipliz.merchant",
		"requires": [{
			"amount": 1000,
			"type": "Nach0SilverCoins"
		}],
		"results": [{
			"type": "Nach0PlatniumOre"
		}]
	},
	{
		"defaultLimit": 250,
		"defaultPriority": 100,
		"isOptional": true,
		"name": "Nach0RockCraft-pipliz.merchant",
		"requires": [{
			"amount": 250,
			"type": "Nach0PlatniumCoins"
		}],
		"results": [{
			"amount": 1,
			"type": "Nach0Rock"
		}]
	}
]