[{
		"defaultLimit": 5,
		"defaultPriority": -100,
		"isOptional": true,
		"name": "Nach0Stone1Craft-pipliz.merchant",
		"requires": [{
			"amount": 25,
			"type": "Nach0SilverCoins"
		}],
		"results": [{
			"amount": 1,
			"type": "Nach0Stone1"
		}]
	},
	{
		"defaultLimit": 5,
		"defaultPriority": -100,
		"isOptional": true,
		"name": "Nach0Stone2Craft-pipliz.merchant",
		"requires": [{
			"amount": 25,
			"type": "Nach0SilverCoins"
		}],
		"results": [{
			"amount": 1,
			"type": "Nach0Stone2"
		}]
	},
	{
		"defaultLimit": 5,
		"defaultPriority": -100,
		"isOptional": true,
		"name": "Nach0Stone3Craft-pipliz.merchant",
		"requires": [{
			"amount": 25,
			"type": "Nach0SilverCoins"
		}],
		"results": [{
			"amount": 1,
			"type": "Nach0Stone3"
		}]
	},
	{
		"defaultLimit": 5,
		"defaultPriority": -100,
		"isOptional": true,
		"name": "Nach0Stone4Craft-pipliz.merchant",
		"requires": [{
			"amount": 25,
			"type": "Nach0SilverCoins"
		}],
		"results": [{
			"amount": 1,
			"type": "Nach0Stone4"
		}]
	},
	{
		"defaultLimit": 5,
		"defaultPriority": -100,
		"isOptional": true,
		"name": "Nach0Stone5Craft-pipliz.merchant",
		"requires": [{
			"amount": 25,
			"type": "Nach0SilverCoins"
		}],
		"results": [{
			"amount": 1,
			"type": "Nach0Stone5"
		}]
	}
]