[{
		"defaultLimit": 25,
		"defaultPriority": -100,
		"isOptional": false,
		"name": "Nach0VanillaCoatedPlanksStairs-Nach0CarverJob",
		"requires": [{
				"amount": 5,
				"type": "coatedplanks"
			},
			{
				"amount": 1,
				"type": "Nach0Chisel"
			}
		],
		"results": [{
			"amount": 5,
			"type": "Nach0VanillaCoatedPlanksStairs"
		}]
	},
	{
		"defaultLimit": 25,
		"defaultPriority": -100,
		"isOptional": false,
		"name": "Nach0VanillaPlanksStairs-Nach0CarverJob",
		"requires": [{
				"amount": 5,
				"type": "planks"
			},
			{
				"amount": 1,
				"type": "Nach0Chisel"
			}
		],
		"results": [{
			"amount": 5,
			"type": "Nach0VanillaPlanksStairs"
		}]
	},
	{
		"defaultLimit": 25,
		"defaultPriority": -100,
		"isOptional": false,
		"name": "Nach0VanillaRedPlanksStairs-Nach0CarverJob",
		"requires": [{
				"amount": 5,
				"type": "planks"
			},
			{
				"amount": 1,
				"type": "Nach0Chisel"
			}
		],
		"results": [{
			"amount": 5,
			"type": "Nach0VanillaRedPlanksStairs"
		}]
	},
	{
		"defaultLimit": 25,
		"defaultPriority": -100,
		"isOptional": false,
		"name": "Nach0Planks1Stairs-Nach0CarverJob",
		"requires": [{
				"amount": 5,
				"type": "Nach0Planks1"
			},
			{
				"amount": 1,
				"type": "Nach0Chisel"
			}
		],
		"results": [{
			"amount": 5,
			"type": "Nach0Planks1Stairs"
		}]
	},
	{
		"defaultLimit": 25,
		"defaultPriority": -100,
		"isOptional": false,
		"name": "Nach0Planks2Stairs-Nach0CarverJob",
		"requires": [{
				"amount": 5,
				"type": "Nach0Planks2"
			},
			{
				"amount": 1,
				"type": "Nach0Chisel"
			}
		],
		"results": [{
			"amount": 5,
			"type": "Nach0Planks2Stairs"
		}]
	},
	{
		"defaultLimit": 25,
		"defaultPriority": -100,
		"isOptional": false,
		"name": "Nach0Planks3Stairs-Nach0CarverJob",
		"requires": [{
				"amount": 5,
				"type": "Nach0Planks3"
			},
			{
				"amount": 1,
				"type": "Nach0Chisel"
			}
		],
		"results": [{
			"amount": 5,
			"type": "Nach0Planks3Stairs"
		}]
	},
	{
		"defaultLimit": 25,
		"defaultPriority": -100,
		"isOptional": false,
		"name": "Nach0Planks4Stairs-Nach0CarverJob",
		"requires": [{
				"amount": 5,
				"type": "Nach0Planks4"
			},
			{
				"amount": 1,
				"type": "Nach0Chisel"
			}
		],
		"results": [{
			"amount": 5,
			"type": "Nach0Planks4Stairs"
		}]
	},
	{
		"defaultLimit": 25,
		"defaultPriority": -100,
		"isOptional": false,
		"name": "Nach0Planks5Stairs-Nach0CarverJob",
		"requires": [{
				"amount": 5,
				"type": "Nach0Planks5"
			},
			{
				"amount": 1,
				"type": "Nach0Chisel"
			}
		],
		"results": [{
			"amount": 5,
			"type": "Nach0Planks5Stairs"
		}]
	},
	{
		"defaultLimit": 25,
		"defaultPriority": -100,
		"isOptional": false,
		"name": "Nach0Planks6Stairs-Nach0CarverJob",
		"requires": [{
				"amount": 5,
				"type": "Nach0Planks6"
			},
			{
				"amount": 1,
				"type": "Nach0Chisel"
			}
		],
		"results": [{
			"amount": 5,
			"type": "Nach0Planks6Stairs"
		}]
	}
]