[{
		"defaultLimit": 25,
		"defaultPriority": -100,
		"isOptional": false,
		"name": "Nach0VanillaCoatedPlanksStairs-Nach0CarverJob",
		"requires": [{
				"amount": 5,
				"type": "coatedplanks"
			},
			{
				"amount": 1,
				"type": "Nach0Chisel"
			}
		],
		"results": [{
			"amount": 5,
			"type": "Nach0VanillaCoatedPlanksStairs"
		}]
	},
	{
		"defaultLimit": 25,
		"defaultPriority": -100,
		"isOptional": false,
		"name": "Nach0VanillaPlanksStairs-Nach0CarverJob",
		"requires": [{
				"amount": 5,
				"type": "planks"
			},
			{
				"amount": 1,
				"type": "Nach0Chisel"
			}
		],
		"results": [{
			"amount": 5,
			"type": "Nach0VanillaPlanksStairs"
		}]
	},
	{
		"defaultLimit": 25,
		"defaultPriority": -100,
		"isOptional": false,
		"name": "Nach0VanillaRedPlanksStairs-Nach0CarverJob",
		"requires": [{
				"amount": 5,
				"type": "planks"
			},
			{
				"amount": 1,
				"type": "Nach0Chisel"
			}
		],
		"results": [{
			"amount": 5,
			"type": "Nach0VanillaRedPlanksStairs"
		}]
	}
]