{
	"Nach0Planks1Stairs": {
		"categories": [
			"blocks",
			"buildingblocks",
			"specialblocks",
			"stairs",
			"moreblocks",
			"planks",
			"a",
			"moreblocks",
			"nach0"
		],
		"icon": "Nach0Planks1Stairs.png",
		"maxStackSize": 200,
		"isPlaceable": true,
		"needsBase": false,
		"isRotatable": true,
		"rotatablex-": "Nach0Planks1StairsX-",
		"rotatablex+": "Nach0Planks1StairsX+",
		"rotatablez-": "Nach0Planks1StairsZ-",
		"rotatablez+": "Nach0Planks1StairsZ+"
	},
	"Nach0Planks1StairsX-": {
		"parentType": "Nach0Planks1Stairs",
		"mesh": "StairsX-.obj",
		"colliders": {
			"boxes": [{
					"max": [0.5, -0.25, 0.5],
					"min": [-0.5, -0.5, -0.5]
				},
				{
					"max": [0.25, 0, 0.5],
					"min": [-0.5, -0.25, -0.5]
				},
				{
					"max": [0, 0.25, 0.5],
					"min": [-0.5, 0, -0.5]
				},
				{
					"max": [-0.25, 0.5, 0.5],
					"min": [-0.5, 0.25, -0.5]
				}
			]
		},
		"sideall": "Nach0Planks1Texture"
	},
	"Nach0Planks1StairsX+": {
		"parentType": "Nach0Planks1Stairs",
		"mesh": "StairsX+.obj",
		"colliders": {
			"boxes": [{
					"max": [0.5, -0.25, 0.5],
					"min": [-0.5, -0.5, -0.5]
				},
				{
					"max": [0.5, 0, 0.5],
					"min": [-0.25, -0.25, -0.5]
				},
				{
					"max": [0.5, 0.25, 0.5],
					"min": [0, 0, -0.5]
				},
				{
					"max": [0.5, 0.5, 0.5],
					"min": [0.25, 0.25, -0.5]
				}
			]
		},
		"sideall": "Nach0Planks1Texture"
	},
	"Nach0Planks1StairsZ-": {
		"parentType": "Nach0Planks1Stairs",
		"mesh": "StairsZ-.obj",
		"colliders": {
			"boxes": [{
					"max": [0.5, -0.25, 0.5],
					"min": [-0.5, -0.5, -0.5]
				},
				{
					"max": [0.5, 0, 0.25],
					"min": [-0.5, -0.25, -0.5]
				},
				{
					"max": [0.5, 0.25, 0],
					"min": [-0.5, 0, -0.5]
				},
				{
					"max": [0.5, 0.5, -0.25],
					"min": [-0.5, 0.25, -0.5]
				}
			]
		},
		"sideall": "Nach0Planks1Texture"
	},
	"Nach0Planks1StairsZ+": {
		"parentType": "Nach0Planks1Stairs",
		"mesh": "StairsZ+.obj",
		"colliders": {
			"boxes": [{
					"max": [0.5, -0.25, 0.5],
					"min": [-0.5, -0.5, -0.5]
				},
				{
					"max": [0.5, 0, 0.5],
					"min": [-0.5, -0.25, -0.25]
				},
				{
					"max": [0.5, 0.25, 0.5],
					"min": [-0.5, 0, 0]
				},
				{
					"max": [0.5, 0.5, 0.5],
					"min": [-0.5, 0.25, 0.25]
				}
			]
		},
		"sideall": "Nach0Planks1Texture"
	},
	"Nach0Planks2Stairs": {
		"categories": [
			"blocks",
			"buildingblocks",
			"specialblocks",
			"stairs",
			"moreblocks",
			"planks",
			"b",
			"moreblocks",
			"nach0"
		],
		"icon": "Nach0Planks2Stairs.png",
		"maxStackSize": 200,
		"isPlaceable": true,
		"needsBase": false,
		"isRotatable": true,
		"rotatablex-": "Nach0Planks2StairsX-",
		"rotatablex+": "Nach0Planks2StairsX+",
		"rotatablez-": "Nach0Planks2StairsZ-",
		"rotatablez+": "Nach0Planks2StairsZ+"
	},
	"Nach0Planks2StairsX-": {
		"parentType": "Nach0Planks2Stairs",
		"mesh": "StairsX-.obj",
		"colliders": {
			"boxes": [{
					"max": [0.5, -0.25, 0.5],
					"min": [-0.5, -0.5, -0.5]
				},
				{
					"max": [0.25, 0, 0.5],
					"min": [-0.5, -0.25, -0.5]
				},
				{
					"max": [0, 0.25, 0.5],
					"min": [-0.5, 0, -0.5]
				},
				{
					"max": [-0.25, 0.5, 0.5],
					"min": [-0.5, 0.25, -0.5]
				}
			]
		},
		"sideall": "Nach0Planks2Texture"
	},
	"Nach0Planks2StairsX+": {
		"parentType": "Nach0Planks2Stairs",
		"mesh": "StairsX+.obj",
		"colliders": {
			"boxes": [{
					"max": [0.5, -0.25, 0.5],
					"min": [-0.5, -0.5, -0.5]
				},
				{
					"max": [0.5, 0, 0.5],
					"min": [-0.25, -0.25, -0.5]
				},
				{
					"max": [0.5, 0.25, 0.5],
					"min": [0, 0, -0.5]
				},
				{
					"max": [0.5, 0.5, 0.5],
					"min": [0.25, 0.25, -0.5]
				}
			]
		},
		"sideall": "Nach0Planks2Texture"
	},
	"Nach0Planks2StairsZ-": {
		"parentType": "Nach0Planks2Stairs",
		"mesh": "StairsZ-.obj",
		"colliders": {
			"boxes": [{
					"max": [0.5, -0.25, 0.5],
					"min": [-0.5, -0.5, -0.5]
				},
				{
					"max": [0.5, 0, 0.25],
					"min": [-0.5, -0.25, -0.5]
				},
				{
					"max": [0.5, 0.25, 0],
					"min": [-0.5, 0, -0.5]
				},
				{
					"max": [0.5, 0.5, -0.25],
					"min": [-0.5, 0.25, -0.5]
				}
			]
		},
		"sideall": "Nach0Planks2Texture"
	},
	"Nach0Planks2StairsZ+": {
		"parentType": "Nach0Planks2Stairs",
		"mesh": "StairsZ+.obj",
		"colliders": {
			"boxes": [{
					"max": [0.5, -0.25, 0.5],
					"min": [-0.5, -0.5, -0.5]
				},
				{
					"max": [0.5, 0, 0.5],
					"min": [-0.5, -0.25, -0.25]
				},
				{
					"max": [0.5, 0.25, 0.5],
					"min": [-0.5, 0, 0]
				},
				{
					"max": [0.5, 0.5, 0.5],
					"min": [-0.5, 0.25, 0.25]
				}
			]
		},
		"sideall": "Nach0Planks2Texture"
	},
	"Nach0Planks3Stairs": {
		"categories": [
			"blocks",
			"buildingblocks",
			"specialblocks",
			"stairs",
			"moreblocks",
			"planks",
			"c",
			"moreblocks",
			"nach0"
		],
		"icon": "Nach0Planks3Stairs.png",
		"maxStackSize": 200,
		"isPlaceable": true,
		"needsBase": false,
		"isRotatable": true,
		"rotatablex-": "Nach0Planks3StairsX-",
		"rotatablex+": "Nach0Planks3StairsX+",
		"rotatablez-": "Nach0Planks3StairsZ-",
		"rotatablez+": "Nach0Planks3StairsZ+"
	},
	"Nach0Planks3StairsX-": {
		"parentType": "Nach0Planks3Stairs",
		"mesh": "StairsX-.obj",
		"colliders": {
			"boxes": [{
					"max": [0.5, -0.25, 0.5],
					"min": [-0.5, -0.5, -0.5]
				},
				{
					"max": [0.25, 0, 0.5],
					"min": [-0.5, -0.25, -0.5]
				},
				{
					"max": [0, 0.25, 0.5],
					"min": [-0.5, 0, -0.5]
				},
				{
					"max": [-0.25, 0.5, 0.5],
					"min": [-0.5, 0.25, -0.5]
				}
			]
		},
		"sideall": "Nach0Planks3Texture"
	},
	"Nach0Planks3StairsX+": {
		"parentType": "Nach0Planks3Stairs",
		"mesh": "StairsX+.obj",
		"colliders": {
			"boxes": [{
					"max": [0.5, -0.25, 0.5],
					"min": [-0.5, -0.5, -0.5]
				},
				{
					"max": [0.5, 0, 0.5],
					"min": [-0.25, -0.25, -0.5]
				},
				{
					"max": [0.5, 0.25, 0.5],
					"min": [0, 0, -0.5]
				},
				{
					"max": [0.5, 0.5, 0.5],
					"min": [0.25, 0.25, -0.5]
				}
			]
		},
		"sideall": "Nach0Planks3Texture"
	},
	"Nach0Planks3StairsZ-": {
		"parentType": "Nach0Planks3Stairs",
		"mesh": "StairsZ-.obj",
		"colliders": {
			"boxes": [{
					"max": [0.5, -0.25, 0.5],
					"min": [-0.5, -0.5, -0.5]
				},
				{
					"max": [0.5, 0, 0.25],
					"min": [-0.5, -0.25, -0.5]
				},
				{
					"max": [0.5, 0.25, 0],
					"min": [-0.5, 0, -0.5]
				},
				{
					"max": [0.5, 0.5, -0.25],
					"min": [-0.5, 0.25, -0.5]
				}
			]
		},
		"sideall": "Nach0Planks3Texture"
	},
	"Nach0Planks3StairsZ+": {
		"parentType": "Nach0Planks3Stairs",
		"mesh": "StairsZ+.obj",
		"colliders": {
			"boxes": [{
					"max": [0.5, -0.25, 0.5],
					"min": [-0.5, -0.5, -0.5]
				},
				{
					"max": [0.5, 0, 0.5],
					"min": [-0.5, -0.25, -0.25]
				},
				{
					"max": [0.5, 0.25, 0.5],
					"min": [-0.5, 0, 0]
				},
				{
					"max": [0.5, 0.5, 0.5],
					"min": [-0.5, 0.25, 0.25]
				}
			]
		},
		"sideall": "Nach0Planks3Texture"
	},
	"Nach0Planks4Stairs": {
		"categories": [
			"blocks",
			"buildingblocks",
			"specialblocks",
			"stairs",
			"moreblocks",
			"planks",
			"d",
			"moreblocks",
			"nach0"
		],
		"icon": "Nach0Planks4Stairs.png",
		"maxStackSize": 200,
		"isPlaceable": true,
		"needsBase": false,
		"isRotatable": true,
		"rotatablex-": "Nach0Planks4StairsX-",
		"rotatablex+": "Nach0Planks4StairsX+",
		"rotatablez-": "Nach0Planks4StairsZ-",
		"rotatablez+": "Nach0Planks4StairsZ+"
	},
	"Nach0Planks4StairsX-": {
		"parentType": "Nach0Planks4Stairs",
		"mesh": "StairsX-.obj",
		"colliders": {
			"boxes": [{
					"max": [0.5, -0.25, 0.5],
					"min": [-0.5, -0.5, -0.5]
				},
				{
					"max": [0.25, 0, 0.5],
					"min": [-0.5, -0.25, -0.5]
				},
				{
					"max": [0, 0.25, 0.5],
					"min": [-0.5, 0, -0.5]
				},
				{
					"max": [-0.25, 0.5, 0.5],
					"min": [-0.5, 0.25, -0.5]
				}
			]
		},
		"sideall": "Nach0Planks4Texture"
	},
	"Nach0Planks4StairsX+": {
		"parentType": "Nach0Planks4Stairs",
		"mesh": "StairsX+.obj",
		"colliders": {
			"boxes": [{
					"max": [0.5, -0.25, 0.5],
					"min": [-0.5, -0.5, -0.5]
				},
				{
					"max": [0.5, 0, 0.5],
					"min": [-0.25, -0.25, -0.5]
				},
				{
					"max": [0.5, 0.25, 0.5],
					"min": [0, 0, -0.5]
				},
				{
					"max": [0.5, 0.5, 0.5],
					"min": [0.25, 0.25, -0.5]
				}
			]
		},
		"sideall": "Nach0Planks4Texture"
	},
	"Nach0Planks4StairsZ-": {
		"parentType": "Nach0Planks4Stairs",
		"mesh": "StairsZ-.obj",
		"colliders": {
			"boxes": [{
					"max": [0.5, -0.25, 0.5],
					"min": [-0.5, -0.5, -0.5]
				},
				{
					"max": [0.5, 0, 0.25],
					"min": [-0.5, -0.25, -0.5]
				},
				{
					"max": [0.5, 0.25, 0],
					"min": [-0.5, 0, -0.5]
				},
				{
					"max": [0.5, 0.5, -0.25],
					"min": [-0.5, 0.25, -0.5]
				}
			]
		},
		"sideall": "Nach0Planks4Texture"
	},
	"Nach0Planks4StairsZ+": {
		"parentType": "Nach0Planks4Stairs",
		"mesh": "StairsZ+.obj",
		"colliders": {
			"boxes": [{
					"max": [0.5, -0.25, 0.5],
					"min": [-0.5, -0.5, -0.5]
				},
				{
					"max": [0.5, 0, 0.5],
					"min": [-0.5, -0.25, -0.25]
				},
				{
					"max": [0.5, 0.25, 0.5],
					"min": [-0.5, 0, 0]
				},
				{
					"max": [0.5, 0.5, 0.5],
					"min": [-0.5, 0.25, 0.25]
				}
			]
		},
		"sideall": "Nach0Planks4Texture"
	},
	"Nach0Planks5Stairs": {
		"categories": [
			"blocks",
			"buildingblocks",
			"specialblocks",
			"stairs",
			"moreblocks",
			"planks",
			"e",
			"moreblocks",
			"nach0"
		],
		"icon": "Nach0Planks5Stairs.png",
		"maxStackSize": 200,
		"isPlaceable": true,
		"needsBase": false,
		"isRotatable": true,
		"rotatablex-": "Nach0Planks5StairsX-",
		"rotatablex+": "Nach0Planks5StairsX+",
		"rotatablez-": "Nach0Planks5StairsZ-",
		"rotatablez+": "Nach0Planks5StairsZ+"
	},
	"Nach0Planks5StairsX-": {
		"parentType": "Nach0Planks5Stairs",
		"mesh": "StairsX-.obj",
		"colliders": {
			"boxes": [{
					"max": [0.5, -0.25, 0.5],
					"min": [-0.5, -0.5, -0.5]
				},
				{
					"max": [0.25, 0, 0.5],
					"min": [-0.5, -0.25, -0.5]
				},
				{
					"max": [0, 0.25, 0.5],
					"min": [-0.5, 0, -0.5]
				},
				{
					"max": [-0.25, 0.5, 0.5],
					"min": [-0.5, 0.25, -0.5]
				}
			]
		},
		"sideall": "Nach0Planks5Texture"
	},
	"Nach0Planks5StairsX+": {
		"parentType": "Nach0Planks5Stairs",
		"mesh": "StairsX+.obj",
		"colliders": {
			"boxes": [{
					"max": [0.5, -0.25, 0.5],
					"min": [-0.5, -0.5, -0.5]
				},
				{
					"max": [0.5, 0, 0.5],
					"min": [-0.25, -0.25, -0.5]
				},
				{
					"max": [0.5, 0.25, 0.5],
					"min": [0, 0, -0.5]
				},
				{
					"max": [0.5, 0.5, 0.5],
					"min": [0.25, 0.25, -0.5]
				}
			]
		},
		"sideall": "Nach0Planks5Texture"
	},
	"Nach0Planks5StairsZ-": {
		"parentType": "Nach0Planks5Stairs",
		"mesh": "StairsZ-.obj",
		"colliders": {
			"boxes": [{
					"max": [0.5, -0.25, 0.5],
					"min": [-0.5, -0.5, -0.5]
				},
				{
					"max": [0.5, 0, 0.25],
					"min": [-0.5, -0.25, -0.5]
				},
				{
					"max": [0.5, 0.25, 0],
					"min": [-0.5, 0, -0.5]
				},
				{
					"max": [0.5, 0.5, -0.25],
					"min": [-0.5, 0.25, -0.5]
				}
			]
		},
		"sideall": "Nach0Planks5Texture"
	},
	"Nach0Planks5StairsZ+": {
		"parentType": "Nach0Planks5Stairs",
		"mesh": "StairsZ+.obj",
		"colliders": {
			"boxes": [{
					"max": [0.5, -0.25, 0.5],
					"min": [-0.5, -0.5, -0.5]
				},
				{
					"max": [0.5, 0, 0.5],
					"min": [-0.5, -0.25, -0.25]
				},
				{
					"max": [0.5, 0.25, 0.5],
					"min": [-0.5, 0, 0]
				},
				{
					"max": [0.5, 0.5, 0.5],
					"min": [-0.5, 0.25, 0.25]
				}
			]
		},
		"sideall": "Nach0Planks5Texture"
	},
	"Nach0Planks6Stairs": {
		"categories": [
			"blocks",
			"buildingblocks",
			"specialblocks",
			"stairs",
			"moreblocks",
			"planks",
			"f",
			"moreblocks",
			"nach0"
		],
		"icon": "Nach0Planks6Stairs.png",
		"maxStackSize": 200,
		"isPlaceable": true,
		"needsBase": false,
		"isRotatable": true,
		"rotatablex-": "Nach0Planks6StairsX-",
		"rotatablex+": "Nach0Planks6StairsX+",
		"rotatablez-": "Nach0Planks6StairsZ-",
		"rotatablez+": "Nach0Planks6StairsZ+"
	},
	"Nach0Planks6StairsX-": {
		"parentType": "Nach0Planks6Stairs",
		"mesh": "StairsX-.obj",
		"colliders": {
			"boxes": [{
					"max": [0.5, -0.25, 0.5],
					"min": [-0.5, -0.5, -0.5]
				},
				{
					"max": [0.25, 0, 0.5],
					"min": [-0.5, -0.25, -0.5]
				},
				{
					"max": [0, 0.25, 0.5],
					"min": [-0.5, 0, -0.5]
				},
				{
					"max": [-0.25, 0.5, 0.5],
					"min": [-0.5, 0.25, -0.5]
				}
			]
		},
		"sideall": "Nach0Planks6Texture"
	},
	"Nach0Planks6StairsX+": {
		"parentType": "Nach0Planks6Stairs",
		"mesh": "StairsX+.obj",
		"colliders": {
			"boxes": [{
					"max": [0.5, -0.25, 0.5],
					"min": [-0.5, -0.5, -0.5]
				},
				{
					"max": [0.5, 0, 0.5],
					"min": [-0.25, -0.25, -0.5]
				},
				{
					"max": [0.5, 0.25, 0.5],
					"min": [0, 0, -0.5]
				},
				{
					"max": [0.5, 0.5, 0.5],
					"min": [0.25, 0.25, -0.5]
				}
			]
		},
		"sideall": "Nach0Planks6Texture"
	},
	"Nach0Planks6StairsZ-": {
		"parentType": "Nach0Planks6Stairs",
		"mesh": "StairsZ-.obj",
		"colliders": {
			"boxes": [{
					"max": [0.5, -0.25, 0.5],
					"min": [-0.5, -0.5, -0.5]
				},
				{
					"max": [0.5, 0, 0.25],
					"min": [-0.5, -0.25, -0.5]
				},
				{
					"max": [0.5, 0.25, 0],
					"min": [-0.5, 0, -0.5]
				},
				{
					"max": [0.5, 0.5, -0.25],
					"min": [-0.5, 0.25, -0.5]
				}
			]
		},
		"sideall": "Nach0Planks6Texture"
	},
	"Nach0Planks6StairsZ+": {
		"parentType": "Nach0Planks6Stairs",
		"mesh": "StairsZ+.obj",
		"colliders": {
			"boxes": [{
					"max": [0.5, -0.25, 0.5],
					"min": [-0.5, -0.5, -0.5]
				},
				{
					"max": [0.5, 0, 0.5],
					"min": [-0.5, -0.25, -0.25]
				},
				{
					"max": [0.5, 0.25, 0.5],
					"min": [-0.5, 0, 0]
				},
				{
					"max": [0.5, 0.5, 0.5],
					"min": [-0.5, 0.25, 0.25]
				}
			]
		},
		"sideall": "Nach0Planks6Texture"
	}
}