{
	"Nach0VanillaPlanksStairs": {
		"categories": [
			"blocks",
			"buildingblocks",
			"specialblocks",
			"stairs",
			"vanilla",
			"planks",
			"a",
			"moreblocks",
			"nach0"
		],
		"icon": "Nach0VanillaPlanksStairs.png",
		"maxStackSize": 200,
		"isPlaceable": true,
		"needsBase": false,
		"isRotatable": true,
		"rotatablex-": "Nach0VanillaPlanksStairsX-",
		"rotatablex+": "Nach0VanillaPlanksStairsX+",
		"rotatablez-": "Nach0VanillaPlanksStairsZ-",
		"rotatablez+": "Nach0VanillaPlanksStairsZ+"
	},
	"Nach0VanillaPlanksStairsX-": {
		"parentType": "Nach0VanillaPlanksStairs",
		"mesh": "StairsX-.obj",
		"colliders": {
			"boxes": [{
					"max": [0.5, -0.25, 0.5],
					"min": [-0.5, -0.5, -0.5]
				},
				{
					"max": [0.25, 0, 0.5],
					"min": [-0.5, -0.25, -0.5]
				},
				{
					"max": [0, 0.25, 0.5],
					"min": [-0.5, 0, -0.5]
				},
				{
					"max": [-0.25, 0.5, 0.5],
					"min": [-0.5, 0.25, -0.5]
				}
			]
		},
		"sideall": "planks"
	},
	"Nach0VanillaPlanksStairsX+": {
		"parentType": "Nach0VanillaPlanksStairs",
		"mesh": "StairsX+.obj",
		"colliders": {
			"boxes": [{
					"max": [0.5, -0.25, 0.5],
					"min": [-0.5, -0.5, -0.5]
				},
				{
					"max": [0.5, 0, 0.5],
					"min": [-0.25, -0.25, -0.5]
				},
				{
					"max": [0.5, 0.25, 0.5],
					"min": [0, 0, -0.5]
				},
				{
					"max": [0.5, 0.5, 0.5],
					"min": [0.25, 0.25, -0.5]
				}
			]
		},
		"sideall": "planks"
	},
	"Nach0VanillaPlanksStairsZ-": {
		"parentType": "Nach0VanillaPlanksStairs",
		"mesh": "StairsZ-.obj",
		"colliders": {
			"boxes": [{
					"max": [0.5, -0.25, 0.5],
					"min": [-0.5, -0.5, -0.5]
				},
				{
					"max": [0.5, 0, 0.25],
					"min": [-0.5, -0.25, -0.5]
				},
				{
					"max": [0.5, 0.25, 0],
					"min": [-0.5, 0, -0.5]
				},
				{
					"max": [0.5, 0.5, -0.25],
					"min": [-0.5, 0.25, -0.5]
				}
			]
		},
		"sideall": "planks"
	},
	"Nach0VanillaPlanksStairsZ+": {
		"parentType": "Nach0VanillaPlanksStairs",
		"mesh": "StairsZ+.obj",
		"colliders": {
			"boxes": [{
					"max": [0.5, -0.25, 0.5],
					"min": [-0.5, -0.5, -0.5]
				},
				{
					"max": [0.5, 0, 0.5],
					"min": [-0.5, -0.25, -0.25]
				},
				{
					"max": [0.5, 0.25, 0.5],
					"min": [-0.5, 0, 0]
				},
				{
					"max": [0.5, 0.5, 0.5],
					"min": [-0.5, 0.25, 0.25]
				}
			]
		},
		"sideall": "planks"
	},
	"Nach0VanillaCoatedBlackPlanksStairs": {
		"categories": [
			"blocks",
			"buildingblocks",
			"specialblocks",
			"stairs",
			"vanilla",
			"planks",
			"b",
			"moreblocks",
			"nach0"
		],
		"icon": "Nach0VanillaCoatedBlackPlanksStairs.png",
		"maxStackSize": 200,
		"isPlaceable": true,
		"needsBase": false,
		"isRotatable": true,
		"rotatablex-": "Nach0VanillaCoatedBlackPlanksStairsX-",
		"rotatablex+": "Nach0VanillaCoatedBlackPlanksStairsX+",
		"rotatablez-": "Nach0VanillaCoatedBlackPlanksStairsZ-",
		"rotatablez+": "Nach0VanillaCoatedBlackPlanksStairsZ+"
	},
	"Nach0VanillaCoatedBlackPlanksStairsX-": {
		"parentType": "Nach0VanillaCoatedBlackPlanksStairs",
		"mesh": "StairsX-.obj",
		"colliders": {
			"boxes": [{
					"max": [0.5, -0.25, 0.5],
					"min": [-0.5, -0.5, -0.5]
				},
				{
					"max": [0.25, 0, 0.5],
					"min": [-0.5, -0.25, -0.5]
				},
				{
					"max": [0, 0.25, 0.5],
					"min": [-0.5, 0, -0.5]
				},
				{
					"max": [-0.25, 0.5, 0.5],
					"min": [-0.5, 0.25, -0.5]
				}
			]
		},
		"sideall": "blackplanks"
	},
	"Nach0VanillaCoatedBlackPlanksStairsX+": {
		"parentType": "Nach0VanillaCoatedBlackPlanksStairs",
		"mesh": "StairsX+.obj",
		"colliders": {
			"boxes": [{
					"max": [0.5, -0.25, 0.5],
					"min": [-0.5, -0.5, -0.5]
				},
				{
					"max": [0.5, 0, 0.5],
					"min": [-0.25, -0.25, -0.5]
				},
				{
					"max": [0.5, 0.25, 0.5],
					"min": [0, 0, -0.5]
				},
				{
					"max": [0.5, 0.5, 0.5],
					"min": [0.25, 0.25, -0.5]
				}
			]
		},
		"sideall": "blackplanks"
	},
	"Nach0VanillaCoatedBlackPlanksStairsZ-": {
		"parentType": "Nach0VanillaCoatedBlackPlanksStairs",
		"mesh": "StairsZ-.obj",
		"colliders": {
			"boxes": [{
					"max": [0.5, -0.25, 0.5],
					"min": [-0.5, -0.5, -0.5]
				},
				{
					"max": [0.5, 0, 0.25],
					"min": [-0.5, -0.25, -0.5]
				},
				{
					"max": [0.5, 0.25, 0],
					"min": [-0.5, 0, -0.5]
				},
				{
					"max": [0.5, 0.5, -0.25],
					"min": [-0.5, 0.25, -0.5]
				}
			]
		},
		"sideall": "blackplanks"
	},
	"Nach0VanillaCoatedBlackPlanksStairsZ+": {
		"parentType": "Nach0VanillaCoatedBlackPlanksStairs",
		"mesh": "StairsZ+.obj",
		"colliders": {
			"boxes": [{
					"max": [0.5, -0.25, 0.5],
					"min": [-0.5, -0.5, -0.5]
				},
				{
					"max": [0.5, 0, 0.5],
					"min": [-0.5, -0.25, -0.25]
				},
				{
					"max": [0.5, 0.25, 0.5],
					"min": [-0.5, 0, 0]
				},
				{
					"max": [0.5, 0.5, 0.5],
					"min": [-0.5, 0.25, 0.25]
				}
			]
		},
		"sideall": "blackplanks"
	},
	"Nach0VanillaCoatedPlanksStairs": {
		"categories": [
			"blocks",
			"buildingblocks",
			"specialblocks",
			"stairs",
			"vanilla",
			"planks",
			"c",
			"moreblocks",
			"nach0"
		],
		"icon": "Nach0VanillaCoatedPlanksStairs.png",
		"maxStackSize": 200,
		"isPlaceable": true,
		"needsBase": false,
		"isRotatable": true,
		"rotatablex-": "Nach0VanillaCoatedPlanksStairsX-",
		"rotatablex+": "Nach0VanillaCoatedPlanksStairsX+",
		"rotatablez-": "Nach0VanillaCoatedPlanksStairsZ-",
		"rotatablez+": "Nach0VanillaCoatedPlanksStairsZ+"
	},
	"Nach0VanillaCoatedPlanksStairsX-": {
		"parentType": "Nach0VanillaCoatedPlanksStairs",
		"mesh": "StairsX-.obj",
		"colliders": {
			"boxes": [{
					"max": [0.5, -0.25, 0.5],
					"min": [-0.5, -0.5, -0.5]
				},
				{
					"max": [0.25, 0, 0.5],
					"min": [-0.5, -0.25, -0.5]
				},
				{
					"max": [0, 0.25, 0.5],
					"min": [-0.5, 0, -0.5]
				},
				{
					"max": [-0.25, 0.5, 0.5],
					"min": [-0.5, 0.25, -0.5]
				}
			]
		},
		"sideall": "coatedplanks"
	},
	"Nach0VanillaCoatedPlanksStairsX+": {
		"parentType": "Nach0VanillaCoatedPlanksStairs",
		"mesh": "StairsX+.obj",
		"colliders": {
			"boxes": [{
					"max": [0.5, -0.25, 0.5],
					"min": [-0.5, -0.5, -0.5]
				},
				{
					"max": [0.5, 0, 0.5],
					"min": [-0.25, -0.25, -0.5]
				},
				{
					"max": [0.5, 0.25, 0.5],
					"min": [0, 0, -0.5]
				},
				{
					"max": [0.5, 0.5, 0.5],
					"min": [0.25, 0.25, -0.5]
				}
			]
		},
		"sideall": "coatedplanks"
	},
	"Nach0VanillaCoatedPlanksStairsZ-": {
		"parentType": "Nach0VanillaCoatedPlanksStairs",
		"mesh": "StairsZ-.obj",
		"colliders": {
			"boxes": [{
					"max": [0.5, -0.25, 0.5],
					"min": [-0.5, -0.5, -0.5]
				},
				{
					"max": [0.5, 0, 0.25],
					"min": [-0.5, -0.25, -0.5]
				},
				{
					"max": [0.5, 0.25, 0],
					"min": [-0.5, 0, -0.5]
				},
				{
					"max": [0.5, 0.5, -0.25],
					"min": [-0.5, 0.25, -0.5]
				}
			]
		},
		"sideall": "coatedplanks"
	},
	"Nach0VanillaCoatedPlanksStairsZ+": {
		"parentType": "Nach0VanillaCoatedPlanksStairs",
		"mesh": "StairsZ+.obj",
		"colliders": {
			"boxes": [{
					"max": [0.5, -0.25, 0.5],
					"min": [-0.5, -0.5, -0.5]
				},
				{
					"max": [0.5, 0, 0.5],
					"min": [-0.5, -0.25, -0.25]
				},
				{
					"max": [0.5, 0.25, 0.5],
					"min": [-0.5, 0, 0]
				},
				{
					"max": [0.5, 0.5, 0.5],
					"min": [-0.5, 0.25, 0.25]
				}
			]
		},
		"sideall": "coatedplanks"
	},
	"Nach0VanillaRedPlanksStairs": {
		"categories": [
			"blocks",
			"buildingblocks",
			"specialblocks",
			"stairs",
			"vanilla",
			"planks",
			"k",
			"moreblocks",
			"nach0"
		],
		"icon": "Nach0VanillaRedPlanksStairs.png",
		"maxStackSize": 200,
		"isPlaceable": true,
		"needsBase": false,
		"isRotatable": true,
		"rotatablex-": "Nach0VanillaRedPlanksStairsX-",
		"rotatablex+": "Nach0VanillaRedPlanksStairsX+",
		"rotatablez-": "Nach0VanillaRedPlanksStairsZ-",
		"rotatablez+": "Nach0VanillaRedPlanksStairsZ+"
	},
	"Nach0VanillaRedPlanksStairsX-": {
		"parentType": "Nach0VanillaRedPlanksStairs",
		"mesh": "StairsX-.obj",
		"colliders": {
			"boxes": [{
					"max": [0.5, -0.25, 0.5],
					"min": [-0.5, -0.5, -0.5]
				},
				{
					"max": [0.25, 0, 0.5],
					"min": [-0.5, -0.25, -0.5]
				},
				{
					"max": [0, 0.25, 0.5],
					"min": [-0.5, 0, -0.5]
				},
				{
					"max": [-0.25, 0.5, 0.5],
					"min": [-0.5, 0.25, -0.5]
				}
			]
		},
		"sideall": "redplanks"
	},
	"Nach0VanillaRedPlanksStairsX+": {
		"parentType": "Nach0VanillaRedPlanksStairs",
		"mesh": "StairsX+.obj",
		"colliders": {
			"boxes": [{
					"max": [0.5, -0.25, 0.5],
					"min": [-0.5, -0.5, -0.5]
				},
				{
					"max": [0.5, 0, 0.5],
					"min": [-0.25, -0.25, -0.5]
				},
				{
					"max": [0.5, 0.25, 0.5],
					"min": [0, 0, -0.5]
				},
				{
					"max": [0.5, 0.5, 0.5],
					"min": [0.25, 0.25, -0.5]
				}
			]
		},
		"sideall": "redplanks"
	},
	"Nach0VanillaRedPlanksStairsZ-": {
		"parentType": "Nach0VanillaRedPlanksStairs",
		"mesh": "StairsZ-.obj",
		"colliders": {
			"boxes": [{
					"max": [0.5, -0.25, 0.5],
					"min": [-0.5, -0.5, -0.5]
				},
				{
					"max": [0.5, 0, 0.25],
					"min": [-0.5, -0.25, -0.5]
				},
				{
					"max": [0.5, 0.25, 0],
					"min": [-0.5, 0, -0.5]
				},
				{
					"max": [0.5, 0.5, -0.25],
					"min": [-0.5, 0.25, -0.5]
				}
			]
		},
		"sideall": "redplanks"
	},
	"Nach0VanillaRedPlanksStairsZ+": {
		"parentType": "Nach0VanillaRedPlanksStairs",
		"mesh": "StairsZ+.obj",
		"colliders": {
			"boxes": [{
					"max": [0.5, -0.25, 0.5],
					"min": [-0.5, -0.5, -0.5]
				},
				{
					"max": [0.5, 0, 0.5],
					"min": [-0.5, -0.25, -0.25]
				},
				{
					"max": [0.5, 0.25, 0.5],
					"min": [-0.5, 0, 0]
				},
				{
					"max": [0.5, 0.5, 0.5],
					"min": [-0.5, 0.25, 0.25]
				}
			]
		},
		"sideall": "redplanks"
	}
}