{
	"Nach0ClayBlock": {
		"categories": [
			"blocks",
			"resourceblocks",
			"misc",
			"moreblocks",
			"nach0"
		],
		"icon": "Nach0ClayBlock.png",
		"maxStackSize": 200,
		"sideall": "Nach0ClayBlockTexture"
	},
	"Nach0CoalBlock": {
		"categories": [
			"blocks",
			"resourceblocks",
			"misc",
			"moreblocks",
			"nach0"
		],
		"icon": "Nach0CoalBlock.png",
		"maxStackSize": 200,
		"sideall": "Nach0CoalBlockTexture"
	},
	"Nach0GoldBlock": {
		"categories": [
			"blocks",
			"resourceblocks",
			"misc",
			"moreblocks",
			"nach0"
		],
		"icon": "Nach0GoldBlock.png",
		"maxStackSize": 200,
		"sideall": "Nach0GoldBlockTexture"
	},
	"Nach0SteelBlock": {
		"categories": [
			"blocks",
			"resourceblocks",
			"misc",
			"moreblocks",
			"nach0"
		],
		"icon": "Nach0SteelBlock.png",
		"maxStackSize": 200,
		"sideall": "Nach0SteelBlockTexture"
	},
	"Nach0CrystalBlock": {
		"categories": [
			"blocks",
			"resourceblocks",
			"misc",
			"moreblocks",
			"nach0"
		],
		"icon": "Nach0CrystalBlock.png",
		"maxStackSize": 200,
		"sideall": "Nach0CrystalBlockTexture"
	},
	"Nach0LavaBlock": {
		"categories": [
			"blocks",
			"resourceblocks",
			"misc",
			"moreblocks",
			"nach0"
		],
		"icon": "Nach0LavaBlock.png",
		"maxStackSize": 200,
		"sideall": "Nach0LavaBlockTexture"
	},
	"Nach0Hay": {
		"categories": [
			"blocks",
			"resourceblocks",
			"misc",
			"moreblocks",
			"nach0"
		],
		"icon": "Nach0Hay.png",
		"maxStackSize": 200,
		"sidey+": "Nach0HayTopBottomTexture",
		"sidey-": "Nach0HayTopBottomTexture",
		"sideall": "Nach0HaySideTexture"
	}
}