{
	"Nach0Grass1": {
		"categories": [
			"blocks",
			"exoitcblocks",
			"grass",
			"a",
			"moreblocks",
			"nach0"
		],
		"icon": "Nach0Grass1.png",
		"maxStackSize": 200,
		"sideall": "Nach0Grass1Texture"
	},
	"Nach0Grass1Sided": {
		"categories": [
			"blocks",
			"exoitcblocks",
			"grass",
			"b",
			"moreblocks",
			"nach0"
		],
		"icon": "Nach0Grass1Sided.png",
		"maxStackSize": 200,
		"sidey+": "Nach0Grass1Texture",
		"sidey-": "Nach0Dirt1Texture",
		"sideall": "Nach0Grass1SidedSideTexture"
	}
}