{
	"Nach0Brick1Stairs": {
		"categories": [
			"blocks",
			"buildingblocks",
			"specialblocks",
			"stairs",
			"moreblocks",
			"bricks",
			"a",
			"moreblocks",
			"nach0"
		],
		"icon": "Nach0Brick1Stairs.png",
		"maxStackSize": 200,
		"isPlaceable": true,
		"needsBase": false,
		"isRotatable": true,
		"rotatablex-": "Nach0Brick1StairsX-",
		"rotatablex+": "Nach0Brick1StairsX+",
		"rotatablez-": "Nach0Brick1StairsZ-",
		"rotatablez+": "Nach0Brick1StairsZ+"
	},
	"Nach0Brick1StairsX-": {
		"parentType": "Nach0Brick1Stairs",
		"mesh": "StairsX-.obj",
		"colliders": {
			"boxes": [{
					"max": [0.5, -0.25, 0.5],
					"min": [-0.5, -0.5, -0.5]
				},
				{
					"max": [0.25, 0, 0.5],
					"min": [-0.5, -0.25, -0.5]
				},
				{
					"max": [0, 0.25, 0.5],
					"min": [-0.5, 0, -0.5]
				},
				{
					"max": [-0.25, 0.5, 0.5],
					"min": [-0.5, 0.25, -0.5]
				}
			]
		},
		"sideall": "Nach0Brick1Texture"
	},
	"Nach0Brick1StairsX+": {
		"parentType": "Nach0Brick1Stairs",
		"mesh": "StairsX+.obj",
		"colliders": {
			"boxes": [{
					"max": [0.5, -0.25, 0.5],
					"min": [-0.5, -0.5, -0.5]
				},
				{
					"max": [0.5, 0, 0.5],
					"min": [-0.25, -0.25, -0.5]
				},
				{
					"max": [0.5, 0.25, 0.5],
					"min": [0, 0, -0.5]
				},
				{
					"max": [0.5, 0.5, 0.5],
					"min": [0.25, 0.25, -0.5]
				}
			]
		},
		"sideall": "Nach0Brick1Texture"
	},
	"Nach0Brick1StairsZ-": {
		"parentType": "Nach0Brick1Stairs",
		"mesh": "StairsZ-.obj",
		"colliders": {
			"boxes": [{
					"max": [0.5, -0.25, 0.5],
					"min": [-0.5, -0.5, -0.5]
				},
				{
					"max": [0.5, 0, 0.25],
					"min": [-0.5, -0.25, -0.5]
				},
				{
					"max": [0.5, 0.25, 0],
					"min": [-0.5, 0, -0.5]
				},
				{
					"max": [0.5, 0.5, -0.25],
					"min": [-0.5, 0.25, -0.5]
				}
			]
		},
		"sideall": "Nach0Brick1Texture"
	},
	"Nach0Brick1StairsZ+": {
		"parentType": "Nach0Brick1Stairs",
		"mesh": "StairsZ+.obj",
		"colliders": {
			"boxes": [{
					"max": [0.5, -0.25, 0.5],
					"min": [-0.5, -0.5, -0.5]
				},
				{
					"max": [0.5, 0, 0.5],
					"min": [-0.5, -0.25, -0.25]
				},
				{
					"max": [0.5, 0.25, 0.5],
					"min": [-0.5, 0, 0]
				},
				{
					"max": [0.5, 0.5, 0.5],
					"min": [-0.5, 0.25, 0.25]
				}
			]
		},
		"sideall": "Nach0Brick1Texture"
	},
	"Nach0Brick2Stairs": {
		"categories": [
			"blocks",
			"buildingblocks",
			"specialblocks",
			"stairs",
			"moreblocks",
			"bricks",
			"a",
			"moreblocks",
			"nach0"
		],
		"icon": "Nach0Brick2Stairs.png",
		"maxStackSize": 200,
		"isPlaceable": true,
		"needsBase": false,
		"isRotatable": true,
		"rotatablex-": "Nach0Brick2StairsX-",
		"rotatablex+": "Nach0Brick2StairsX+",
		"rotatablez-": "Nach0Brick2StairsZ-",
		"rotatablez+": "Nach0Brick2StairsZ+"
	},
	"Nach0Brick2StairsX-": {
		"parentType": "Nach0Brick2Stairs",
		"mesh": "StairsX-.obj",
		"colliders": {
			"boxes": [{
					"max": [0.5, -0.25, 0.5],
					"min": [-0.5, -0.5, -0.5]
				},
				{
					"max": [0.25, 0, 0.5],
					"min": [-0.5, -0.25, -0.5]
				},
				{
					"max": [0, 0.25, 0.5],
					"min": [-0.5, 0, -0.5]
				},
				{
					"max": [-0.25, 0.5, 0.5],
					"min": [-0.5, 0.25, -0.5]
				}
			]
		},
		"sideall": "Nach0Brick2Texture"
	},
	"Nach0Brick2StairsX+": {
		"parentType": "Nach0Brick2Stairs",
		"mesh": "StairsX+.obj",
		"colliders": {
			"boxes": [{
					"max": [0.5, -0.25, 0.5],
					"min": [-0.5, -0.5, -0.5]
				},
				{
					"max": [0.5, 0, 0.5],
					"min": [-0.25, -0.25, -0.5]
				},
				{
					"max": [0.5, 0.25, 0.5],
					"min": [0, 0, -0.5]
				},
				{
					"max": [0.5, 0.5, 0.5],
					"min": [0.25, 0.25, -0.5]
				}
			]
		},
		"sideall": "Nach0Brick2Texture"
	},
	"Nach0Brick2StairsZ-": {
		"parentType": "Nach0Brick2Stairs",
		"mesh": "StairsZ-.obj",
		"colliders": {
			"boxes": [{
					"max": [0.5, -0.25, 0.5],
					"min": [-0.5, -0.5, -0.5]
				},
				{
					"max": [0.5, 0, 0.25],
					"min": [-0.5, -0.25, -0.5]
				},
				{
					"max": [0.5, 0.25, 0],
					"min": [-0.5, 0, -0.5]
				},
				{
					"max": [0.5, 0.5, -0.25],
					"min": [-0.5, 0.25, -0.5]
				}
			]
		},
		"sideall": "Nach0Brick2Texture"
	},
	"Nach0Brick2StairsZ+": {
		"parentType": "Nach0Brick2Stairs",
		"mesh": "StairsZ+.obj",
		"colliders": {
			"boxes": [{
					"max": [0.5, -0.25, 0.5],
					"min": [-0.5, -0.5, -0.5]
				},
				{
					"max": [0.5, 0, 0.5],
					"min": [-0.5, -0.25, -0.25]
				},
				{
					"max": [0.5, 0.25, 0.5],
					"min": [-0.5, 0, 0]
				},
				{
					"max": [0.5, 0.5, 0.5],
					"min": [-0.5, 0.25, 0.25]
				}
			]
		},
		"sideall": "Nach0Brick2Texture"
	}
}