{
	"Nach0CobblestoneStairs": {
		"categories": [
			"blocks",
			"buildingblocks",
			"specialblocks",
			"stairs",
			"moreblocks",
			"cobblestone",
			"a",
			"moreblocks",
			"nach0"
		],
		"icon": "Nach0CobblestoneStairs.png",
		"maxStackSize": 200,
		"isPlaceable": true,
		"needsBase": false,
		"isRotatable": true,
		"rotatablex-": "Nach0CobblestoneStairsX-",
		"rotatablex+": "Nach0CobblestoneStairsX+",
		"rotatablez-": "Nach0CobblestoneStairsZ-",
		"rotatablez+": "Nach0CobblestoneStairsZ+"
	},
	"Nach0CobblestoneStairsX-": {
		"parentType": "Nach0CobblestoneStairs",
		"mesh": "StairsX-.obj",
		"colliders": {
			"boxes": [{
					"max": [0.5, -0.25, 0.5],
					"min": [-0.5, -0.5, -0.5]
				},
				{
					"max": [0.25, 0, 0.5],
					"min": [-0.5, -0.25, -0.5]
				},
				{
					"max": [0, 0.25, 0.5],
					"min": [-0.5, 0, -0.5]
				},
				{
					"max": [-0.25, 0.5, 0.5],
					"min": [-0.5, 0.25, -0.5]
				}
			]
		},
		"sideall": "Nach0CobblestoneTexture"
	},
	"Nach0CobblestoneStairsX+": {
		"parentType": "Nach0CobblestoneStairs",
		"mesh": "StairsX+.obj",
		"colliders": {
			"boxes": [{
					"max": [0.5, -0.25, 0.5],
					"min": [-0.5, -0.5, -0.5]
				},
				{
					"max": [0.5, 0, 0.5],
					"min": [-0.25, -0.25, -0.5]
				},
				{
					"max": [0.5, 0.25, 0.5],
					"min": [0, 0, -0.5]
				},
				{
					"max": [0.5, 0.5, 0.5],
					"min": [0.25, 0.25, -0.5]
				}
			]
		},
		"sideall": "Nach0CobblestoneTexture"
	},
	"Nach0CobblestoneStairsZ-": {
		"parentType": "Nach0CobblestoneStairs",
		"mesh": "StairsZ-.obj",
		"colliders": {
			"boxes": [{
					"max": [0.5, -0.25, 0.5],
					"min": [-0.5, -0.5, -0.5]
				},
				{
					"max": [0.5, 0, 0.25],
					"min": [-0.5, -0.25, -0.5]
				},
				{
					"max": [0.5, 0.25, 0],
					"min": [-0.5, 0, -0.5]
				},
				{
					"max": [0.5, 0.5, -0.25],
					"min": [-0.5, 0.25, -0.5]
				}
			]
		},
		"sideall": "Nach0CobblestoneTexture"
	},
	"Nach0CobblestoneStairsZ+": {
		"parentType": "Nach0CobblestoneStairs",
		"mesh": "StairsZ+.obj",
		"colliders": {
			"boxes": [{
					"max": [0.5, -0.25, 0.5],
					"min": [-0.5, -0.5, -0.5]
				},
				{
					"max": [0.5, 0, 0.5],
					"min": [-0.5, -0.25, -0.25]
				},
				{
					"max": [0.5, 0.25, 0.5],
					"min": [-0.5, 0, 0]
				},
				{
					"max": [0.5, 0.5, 0.5],
					"min": [-0.5, 0.25, 0.25]
				}
			]
		},
		"sideall": "Nach0CobblestoneTexture"
	},
	"Nach0MossyCobblestoneStairs": {
		"categories": [
			"blocks",
			"buildingblocks",
			"specialblocks",
			"stairs",
			"moreblocks",
			"cobblestone",
			"b",
			"moreblocks",
			"nach0"
		],
		"icon": "Nach0MossyCobblestoneStairs.png",
		"maxStackSize": 200,
		"isPlaceable": true,
		"needsBase": false,
		"isRotatable": true,
		"rotatablex-": "Nach0MossyCobblestoneStairsX-",
		"rotatablex+": "Nach0MossyCobblestoneStairsX+",
		"rotatablez-": "Nach0MossyCobblestoneStairsZ-",
		"rotatablez+": "Nach0MossyCobblestoneStairsZ+"
	},
	"Nach0MossyCobblestoneStairsX-": {
		"parentType": "Nach0MossyCobblestoneStairs",
		"mesh": "StairsX-.obj",
		"colliders": {
			"boxes": [{
					"max": [0.5, -0.25, 0.5],
					"min": [-0.5, -0.5, -0.5]
				},
				{
					"max": [0.25, 0, 0.5],
					"min": [-0.5, -0.25, -0.5]
				},
				{
					"max": [0, 0.25, 0.5],
					"min": [-0.5, 0, -0.5]
				},
				{
					"max": [-0.25, 0.5, 0.5],
					"min": [-0.5, 0.25, -0.5]
				}
			]
		},
		"sideall": "Nach0MossyCobblestoneTexture"
	},
	"Nach0MossyCobblestoneStairsX+": {
		"parentType": "Nach0MossyCobblestoneStairs",
		"mesh": "StairsX+.obj",
		"colliders": {
			"boxes": [{
					"max": [0.5, -0.25, 0.5],
					"min": [-0.5, -0.5, -0.5]
				},
				{
					"max": [0.5, 0, 0.5],
					"min": [-0.25, -0.25, -0.5]
				},
				{
					"max": [0.5, 0.25, 0.5],
					"min": [0, 0, -0.5]
				},
				{
					"max": [0.5, 0.5, 0.5],
					"min": [0.25, 0.25, -0.5]
				}
			]
		},
		"sideall": "Nach0MossyCobblestoneTexture"
	},
	"Nach0MossyCobblestoneStairsZ-": {
		"parentType": "Nach0MossyCobblestoneStairs",
		"mesh": "StairsZ-.obj",
		"colliders": {
			"boxes": [{
					"max": [0.5, -0.25, 0.5],
					"min": [-0.5, -0.5, -0.5]
				},
				{
					"max": [0.5, 0, 0.25],
					"min": [-0.5, -0.25, -0.5]
				},
				{
					"max": [0.5, 0.25, 0],
					"min": [-0.5, 0, -0.5]
				},
				{
					"max": [0.5, 0.5, -0.25],
					"min": [-0.5, 0.25, -0.5]
				}
			]
		},
		"sideall": "Nach0MossyCobblestoneTexture"
	},
	"Nach0MossyCobblestoneStairsZ+": {
		"parentType": "Nach0MossyCobblestoneStairs",
		"mesh": "StairsZ+.obj",
		"colliders": {
			"boxes": [{
					"max": [0.5, -0.25, 0.5],
					"min": [-0.5, -0.5, -0.5]
				},
				{
					"max": [0.5, 0, 0.5],
					"min": [-0.5, -0.25, -0.25]
				},
				{
					"max": [0.5, 0.25, 0.5],
					"min": [-0.5, 0, 0]
				},
				{
					"max": [0.5, 0.5, 0.5],
					"min": [-0.5, 0.25, 0.25]
				}
			]
		},
		"sideall": "Nach0MossyCobblestoneTexture"
	}
}