{
	"Nach0Chisel": {
		"categories": [
			"items",
			"tools",
			"moreblocks",
			"nach0"
		],
		"isPlaceable": false,
		"icon": "Nach0Chisel.png",
		"maxStackSize": 50
	},
	"Nach0PaintBrush": {
		"categories": [
			"items",
			"tools",
			"moreblocks",
			"nach0"
		],
		"isPlaceable": false,
		"icon": "Nach0PaintBrush.png",
		"maxStackSize": 50
	},
	"Nach0SandPaper": {
		"categories": [
			"items",
			"tools",
			"moreblocks",
			"nach0"
		],
		"isPlaceable": false,
		"icon": "Nach0SandPaper.png",
		"maxStackSize": 200
	}
}