{
	"Nach0VanillaStoneBricksStairs": {
		"categories": [
			"blocks",
			"buildingblocks",
			"specialblocks",
			"stairs",
			"a",
			"moreblocks",
			"nach0"
		],
		"icon": "Nach0VanillaStoneBricksStairs.png",
		"maxStackSize": 200,
		"isPlaceable": true,
		"needsBase": false,
		"isRotatable": true,
		"rotatablex-": "Nach0VanillaStoneBricksStairsX-",
		"rotatablex+": "Nach0VanillaStoneBricksStairsX+",
		"rotatablez-": "Nach0VanillaStoneBricksStairsZ-",
		"rotatablez+": "Nach0VanillaStoneBricksStairsZ+"
	},
	"Nach0VanillaStoneBricksStairsX-": {
		"parentType": "Nach0VanillaStoneBricksStairs",
		"mesh": "StairsX-.obj",
		"colliders": {
			"boxes": [{
					"max": [0.5, -0.25, 0.5],
					"min": [-0.5, -0.5, -0.5]
				},
				{
					"max": [0.25, 0, 0.5],
					"min": [-0.5, -0.25, -0.5]
				},
				{
					"max": [0, 0.25, 0.5],
					"min": [-0.5, 0, -0.5]
				},
				{
					"max": [-0.25, 0.5, 0.5],
					"min": [-0.5, 0.25, -0.5]
				}
			]
		},
		"sideall": "stonebricks"
	},
	"Nach0VanillaStoneBricksStairsX+": {
		"parentType": "Nach0VanillaStoneBricksStairs",
		"mesh": "StairsX+.obj",
		"colliders": {
			"boxes": [{
					"max": [0.5, -0.25, 0.5],
					"min": [-0.5, -0.5, -0.5]
				},
				{
					"max": [0.5, 0, 0.5],
					"min": [-0.25, -0.25, -0.5]
				},
				{
					"max": [0.5, 0.25, 0.5],
					"min": [0, 0, -0.5]
				},
				{
					"max": [0.5, 0.5, 0.5],
					"min": [0.25, 0.25, -0.5]
				}
			]
		},
		"sideall": "stonebricks"
	},
	"Nach0VanillaStoneBricksStairsZ-": {
		"parentType": "Nach0VanillaStoneBricksStairs",
		"mesh": "StairsZ-.obj",
		"colliders": {
			"boxes": [{
					"max": [0.5, -0.25, 0.5],
					"min": [-0.5, -0.5, -0.5]
				},
				{
					"max": [0.5, 0, 0.25],
					"min": [-0.5, -0.25, -0.5]
				},
				{
					"max": [0.5, 0.25, 0],
					"min": [-0.5, 0, -0.5]
				},
				{
					"max": [0.5, 0.5, -0.25],
					"min": [-0.5, 0.25, -0.5]
				}
			]
		},
		"sideall": "stonebricks"
	},
	"Nach0VanillaStoneBricksStairsZ+": {
		"parentType": "Nach0VanillaStoneBricksStairs",
		"mesh": "StairsZ+.obj",
		"colliders": {
			"boxes": [{
					"max": [0.5, -0.25, 0.5],
					"min": [-0.5, -0.5, -0.5]
				},
				{
					"max": [0.5, 0, 0.5],
					"min": [-0.5, -0.25, -0.25]
				},
				{
					"max": [0.5, 0.25, 0.5],
					"min": [-0.5, 0, 0]
				},
				{
					"max": [0.5, 0.5, 0.5],
					"min": [-0.5, 0.25, 0.25]
				}
			]
		},
		"sideall": "stonebricks"
	},
	"Nach0VanillaBricksStairs": {
		"categories": [
			"blocks",
			"buildingblocks",
			"specialblocks",
			"stairs",
			"b",
			"moreblocks",
			"nach0"
		],
		"icon": "Nach0VanillaBricksStairs.png",
		"maxStackSize": 200,
		"isPlaceable": true,
		"needsBase": false,
		"isRotatable": true,
		"rotatablex-": "Nach0VanillaBricksStairsX-",
		"rotatablex+": "Nach0VanillaBricksStairsX+",
		"rotatablez-": "Nach0VanillaBricksStairsZ-",
		"rotatablez+": "Nach0VanillaBricksStairsZ+"
	},
	"Nach0VanillaBricksStairsX-": {
		"parentType": "Nach0VanillaBricksStairs",
		"mesh": "StairsX-.obj",
		"colliders": {
			"boxes": [{
					"max": [0.5, -0.25, 0.5],
					"min": [-0.5, -0.5, -0.5]
				},
				{
					"max": [0.25, 0, 0.5],
					"min": [-0.5, -0.25, -0.5]
				},
				{
					"max": [0, 0.25, 0.5],
					"min": [-0.5, 0, -0.5]
				},
				{
					"max": [-0.25, 0.5, 0.5],
					"min": [-0.5, 0.25, -0.5]
				}
			]
		},
		"sideall": "bricks"
	},
	"Nach0VanillaBricksStairsX+": {
		"parentType": "Nach0VanillaBricksStairs",
		"mesh": "StairsX+.obj",
		"colliders": {
			"boxes": [{
					"max": [0.5, -0.25, 0.5],
					"min": [-0.5, -0.5, -0.5]
				},
				{
					"max": [0.5, 0, 0.5],
					"min": [-0.25, -0.25, -0.5]
				},
				{
					"max": [0.5, 0.25, 0.5],
					"min": [0, 0, -0.5]
				},
				{
					"max": [0.5, 0.5, 0.5],
					"min": [0.25, 0.25, -0.5]
				}
			]
		},
		"sideall": "bricks"
	},
	"Nach0VanillaBricksStairsZ-": {
		"parentType": "Nach0VanillaBricksStairs",
		"mesh": "StairsZ-.obj",
		"colliders": {
			"boxes": [{
					"max": [0.5, -0.25, 0.5],
					"min": [-0.5, -0.5, -0.5]
				},
				{
					"max": [0.5, 0, 0.25],
					"min": [-0.5, -0.25, -0.5]
				},
				{
					"max": [0.5, 0.25, 0],
					"min": [-0.5, 0, -0.5]
				},
				{
					"max": [0.5, 0.5, -0.25],
					"min": [-0.5, 0.25, -0.5]
				}
			]
		},
		"sideall": "bricks"
	},
	"Nach0VanillaBricksStairsZ+": {
		"parentType": "Nach0VanillaBricksStairs",
		"mesh": "StairsZ+.obj",
		"colliders": {
			"boxes": [{
					"max": [0.5, -0.25, 0.5],
					"min": [-0.5, -0.5, -0.5]
				},
				{
					"max": [0.5, 0, 0.5],
					"min": [-0.5, -0.25, -0.25]
				},
				{
					"max": [0.5, 0.25, 0.5],
					"min": [-0.5, 0, 0]
				},
				{
					"max": [0.5, 0.5, 0.5],
					"min": [-0.5, 0.25, 0.25]
				}
			]
		},
		"sideall": "bricks"
	},
	"Nach0VanillaCoatedPlanksStairs": {
		"categories": [
			"blocks",
			"buildingblocks",
			"specialblocks",
			"stairs",
			"c",
			"moreblocks",
			"nach0"
		],
		"icon": "Nach0VanillaCoatedPlanksStairs.png",
		"maxStackSize": 200,
		"isPlaceable": true,
		"needsBase": false,
		"isRotatable": true,
		"rotatablex-": "Nach0VanillaCoatedPlanksStairsX-",
		"rotatablex+": "Nach0VanillaCoatedPlanksStairsX+",
		"rotatablez-": "Nach0VanillaCoatedPlanksStairsZ-",
		"rotatablez+": "Nach0VanillaCoatedPlanksStairsZ+"
	},
	"Nach0VanillaCoatedPlanksStairsX-": {
		"parentType": "Nach0VanillaCoatedPlanksStairs",
		"mesh": "StairsX-.obj",
		"colliders": {
			"boxes": [{
					"max": [0.5, -0.25, 0.5],
					"min": [-0.5, -0.5, -0.5]
				},
				{
					"max": [0.25, 0, 0.5],
					"min": [-0.5, -0.25, -0.5]
				},
				{
					"max": [0, 0.25, 0.5],
					"min": [-0.5, 0, -0.5]
				},
				{
					"max": [-0.25, 0.5, 0.5],
					"min": [-0.5, 0.25, -0.5]
				}
			]
		},
		"sideall": "coatedplanks"
	},
	"Nach0VanillaCoatedPlanksStairsX+": {
		"parentType": "Nach0VanillaCoatedPlanksStairs",
		"mesh": "StairsX+.obj",
		"colliders": {
			"boxes": [{
					"max": [0.5, -0.25, 0.5],
					"min": [-0.5, -0.5, -0.5]
				},
				{
					"max": [0.5, 0, 0.5],
					"min": [-0.25, -0.25, -0.5]
				},
				{
					"max": [0.5, 0.25, 0.5],
					"min": [0, 0, -0.5]
				},
				{
					"max": [0.5, 0.5, 0.5],
					"min": [0.25, 0.25, -0.5]
				}
			]
		},
		"sideall": "coatedplanks"
	},
	"Nach0VanillaCoatedPlanksStairsZ-": {
		"parentType": "Nach0VanillaCoatedPlanksStairs",
		"mesh": "StairsZ-.obj",
		"colliders": {
			"boxes": [{
					"max": [0.5, -0.25, 0.5],
					"min": [-0.5, -0.5, -0.5]
				},
				{
					"max": [0.5, 0, 0.25],
					"min": [-0.5, -0.25, -0.5]
				},
				{
					"max": [0.5, 0.25, 0],
					"min": [-0.5, 0, -0.5]
				},
				{
					"max": [0.5, 0.5, -0.25],
					"min": [-0.5, 0.25, -0.5]
				}
			]
		},
		"sideall": "coatedplanks"
	},
	"Nach0VanillaCoatedPlanksStairsZ+": {
		"parentType": "Nach0VanillaCoatedPlanksStairs",
		"mesh": "StairsZ+.obj",
		"colliders": {
			"boxes": [{
					"max": [0.5, -0.25, 0.5],
					"min": [-0.5, -0.5, -0.5]
				},
				{
					"max": [0.5, 0, 0.5],
					"min": [-0.5, -0.25, -0.25]
				},
				{
					"max": [0.5, 0.25, 0.5],
					"min": [-0.5, 0, 0]
				},
				{
					"max": [0.5, 0.5, 0.5],
					"min": [-0.5, 0.25, 0.25]
				}
			]
		},
		"sideall": "coatedplanks"
	},
	"Nach0VanillaPlanksStairs": {
		"categories": [
			"blocks",
			"buildingblocks",
			"specialblocks",
			"stairs",
			"d",
			"moreblocks",
			"nach0"
		],
		"icon": "Nach0VanillaPlanksStairs.png",
		"maxStackSize": 200,
		"isPlaceable": true,
		"needsBase": false,
		"isRotatable": true,
		"rotatablex-": "Nach0VanillaPlanksStairsX-",
		"rotatablex+": "Nach0VanillaPlanksStairsX+",
		"rotatablez-": "Nach0VanillaPlanksStairsZ-",
		"rotatablez+": "Nach0VanillaPlanksStairsZ+"
	},
	"Nach0VanillaPlanksStairsX-": {
		"parentType": "Nach0VanillaPlanksStairs",
		"mesh": "StairsX-.obj",
		"colliders": {
			"boxes": [{
					"max": [0.5, -0.25, 0.5],
					"min": [-0.5, -0.5, -0.5]
				},
				{
					"max": [0.25, 0, 0.5],
					"min": [-0.5, -0.25, -0.5]
				},
				{
					"max": [0, 0.25, 0.5],
					"min": [-0.5, 0, -0.5]
				},
				{
					"max": [-0.25, 0.5, 0.5],
					"min": [-0.5, 0.25, -0.5]
				}
			]
		},
		"sideall": "planks"
	},
	"Nach0VanillaPlanksStairsX+": {
		"parentType": "Nach0VanillaPlanksStairs",
		"mesh": "StairsX+.obj",
		"colliders": {
			"boxes": [{
					"max": [0.5, -0.25, 0.5],
					"min": [-0.5, -0.5, -0.5]
				},
				{
					"max": [0.5, 0, 0.5],
					"min": [-0.25, -0.25, -0.5]
				},
				{
					"max": [0.5, 0.25, 0.5],
					"min": [0, 0, -0.5]
				},
				{
					"max": [0.5, 0.5, 0.5],
					"min": [0.25, 0.25, -0.5]
				}
			]
		},
		"sideall": "planks"
	},
	"Nach0VanillaPlanksStairsZ-": {
		"parentType": "Nach0VanillaPlanksStairs",
		"mesh": "StairsZ-.obj",
		"colliders": {
			"boxes": [{
					"max": [0.5, -0.25, 0.5],
					"min": [-0.5, -0.5, -0.5]
				},
				{
					"max": [0.5, 0, 0.25],
					"min": [-0.5, -0.25, -0.5]
				},
				{
					"max": [0.5, 0.25, 0],
					"min": [-0.5, 0, -0.5]
				},
				{
					"max": [0.5, 0.5, -0.25],
					"min": [-0.5, 0.25, -0.5]
				}
			]
		},
		"sideall": "planks"
	},
	"Nach0VanillaPlanksStairsZ+": {
		"parentType": "Nach0VanillaPlanksStairs",
		"mesh": "StairsZ+.obj",
		"colliders": {
			"boxes": [{
					"max": [0.5, -0.25, 0.5],
					"min": [-0.5, -0.5, -0.5]
				},
				{
					"max": [0.5, 0, 0.5],
					"min": [-0.5, -0.25, -0.25]
				},
				{
					"max": [0.5, 0.25, 0.5],
					"min": [-0.5, 0, 0]
				},
				{
					"max": [0.5, 0.5, 0.5],
					"min": [-0.5, 0.25, 0.25]
				}
			]
		},
		"sideall": "planks"
	},
	"Nach0VanillaRedPlanksStairs": {
		"categories": [
			"blocks",
			"buildingblocks",
			"specialblocks",
			"stairs",
			"e",
			"moreblocks",
			"nach0"
		],
		"icon": "Nach0VanillaRedPlanksStairs.png",
		"maxStackSize": 200,
		"isPlaceable": true,
		"needsBase": false,
		"isRotatable": true,
		"rotatablex-": "Nach0VanillaRedPlanksStairsX-",
		"rotatablex+": "Nach0VanillaRedPlanksStairsX+",
		"rotatablez-": "Nach0VanillaRedPlanksStairsZ-",
		"rotatablez+": "Nach0VanillaRedPlanksStairsZ+"
	},
	"Nach0VanillaRedPlanksStairsX-": {
		"parentType": "Nach0VanillaRedPlanksStairs",
		"mesh": "StairsX-.obj",
		"colliders": {
			"boxes": [{
					"max": [0.5, -0.25, 0.5],
					"min": [-0.5, -0.5, -0.5]
				},
				{
					"max": [0.25, 0, 0.5],
					"min": [-0.5, -0.25, -0.5]
				},
				{
					"max": [0, 0.25, 0.5],
					"min": [-0.5, 0, -0.5]
				},
				{
					"max": [-0.25, 0.5, 0.5],
					"min": [-0.5, 0.25, -0.5]
				}
			]
		},
		"sideall": "redplanks"
	},
	"Nach0VanillaRedPlanksStairsX+": {
		"parentType": "Nach0VanillaRedPlanksStairs",
		"mesh": "StairsX+.obj",
		"colliders": {
			"boxes": [{
					"max": [0.5, -0.25, 0.5],
					"min": [-0.5, -0.5, -0.5]
				},
				{
					"max": [0.5, 0, 0.5],
					"min": [-0.25, -0.25, -0.5]
				},
				{
					"max": [0.5, 0.25, 0.5],
					"min": [0, 0, -0.5]
				},
				{
					"max": [0.5, 0.5, 0.5],
					"min": [0.25, 0.25, -0.5]
				}
			]
		},
		"sideall": "redplanks"
	},
	"Nach0VanillaRedPlanksStairsZ-": {
		"parentType": "Nach0VanillaRedPlanksStairs",
		"mesh": "StairsZ-.obj",
		"colliders": {
			"boxes": [{
					"max": [0.5, -0.25, 0.5],
					"min": [-0.5, -0.5, -0.5]
				},
				{
					"max": [0.5, 0, 0.25],
					"min": [-0.5, -0.25, -0.5]
				},
				{
					"max": [0.5, 0.25, 0],
					"min": [-0.5, 0, -0.5]
				},
				{
					"max": [0.5, 0.5, -0.25],
					"min": [-0.5, 0.25, -0.5]
				}
			]
		},
		"sideall": "redplanks"
	},
	"Nach0VanillaRedPlanksStairsZ+": {
		"parentType": "Nach0VanillaRedPlanksStairs",
		"mesh": "StairsZ+.obj",
		"colliders": {
			"boxes": [{
					"max": [0.5, -0.25, 0.5],
					"min": [-0.5, -0.5, -0.5]
				},
				{
					"max": [0.5, 0, 0.5],
					"min": [-0.5, -0.25, -0.25]
				},
				{
					"max": [0.5, 0.25, 0.5],
					"min": [-0.5, 0, 0]
				},
				{
					"max": [0.5, 0.5, 0.5],
					"min": [-0.5, 0.25, 0.25]
				}
			]
		},
		"sideall": "redplanks"
	},
	"Nach0VanillaStoneBricksBlackStairs": {
		"categories": [
			"blocks",
			"buildingblocks",
			"specialblocks",
			"stairs",
			"f",
			"moreblocks",
			"nach0"
		],
		"icon": "Nach0VanillaStoneBricksBlackStairs.png",
		"maxStackSize": 200,
		"isPlaceable": true,
		"needsBase": false,
		"isRotatable": true,
		"rotatablex-": "Nach0VanillaStoneBricksBlackStairsX-",
		"rotatablex+": "Nach0VanillaStoneBricksBlackStairsX+",
		"rotatablez-": "Nach0VanillaStoneBricksBlackStairsZ-",
		"rotatablez+": "Nach0VanillaStoneBricksBlackStairsZ+"
	},
	"Nach0VanillaStoneBricksBlackStairsX-": {
		"parentType": "Nach0VanillaStoneBricksBlackStairs",
		"mesh": "StairsX-.obj",
		"colliders": {
			"boxes": [{
					"max": [0.5, -0.25, 0.5],
					"min": [-0.5, -0.5, -0.5]
				},
				{
					"max": [0.25, 0, 0.5],
					"min": [-0.5, -0.25, -0.5]
				},
				{
					"max": [0, 0.25, 0.5],
					"min": [-0.5, 0, -0.5]
				},
				{
					"max": [-0.25, 0.5, 0.5],
					"min": [-0.5, 0.25, -0.5]
				}
			]
		},
		"color": "#343434",
		"sideall": "stonebricksgeneric"
	},
	"Nach0VanillaStoneBricksBlackStairsX+": {
		"parentType": "Nach0VanillaStoneBricksBlackStairs",
		"mesh": "StairsX+.obj",
		"colliders": {
			"boxes": [{
					"max": [0.5, -0.25, 0.5],
					"min": [-0.5, -0.5, -0.5]
				},
				{
					"max": [0.5, 0, 0.5],
					"min": [-0.25, -0.25, -0.5]
				},
				{
					"max": [0.5, 0.25, 0.5],
					"min": [0, 0, -0.5]
				},
				{
					"max": [0.5, 0.5, 0.5],
					"min": [0.25, 0.25, -0.5]
				}
			]
		},
		"color": "#343434",
		"sideall": "stonebricksgeneric"
	},
	"Nach0VanillaStoneBricksBlackStairsZ-": {
		"parentType": "Nach0VanillaStoneBricksBlackStairs",
		"mesh": "StairsZ-.obj",
		"colliders": {
			"boxes": [{
					"max": [0.5, -0.25, 0.5],
					"min": [-0.5, -0.5, -0.5]
				},
				{
					"max": [0.5, 0, 0.25],
					"min": [-0.5, -0.25, -0.5]
				},
				{
					"max": [0.5, 0.25, 0],
					"min": [-0.5, 0, -0.5]
				},
				{
					"max": [0.5, 0.5, -0.25],
					"min": [-0.5, 0.25, -0.5]
				}
			]
		},
		"color": "#343434",
		"sideall": "stonebricksgeneric"
	},
	"Nach0VanillaStoneBricksBlackStairsZ+": {
		"parentType": "Nach0VanillaStoneBricksBlackStairs",
		"mesh": "StairsZ+.obj",
		"colliders": {
			"boxes": [{
					"max": [0.5, -0.25, 0.5],
					"min": [-0.5, -0.5, -0.5]
				},
				{
					"max": [0.5, 0, 0.5],
					"min": [-0.5, -0.25, -0.25]
				},
				{
					"max": [0.5, 0.25, 0.5],
					"min": [-0.5, 0, 0]
				},
				{
					"max": [0.5, 0.5, 0.5],
					"min": [-0.5, 0.25, 0.25]
				}
			]
		},
		"color": "#343434",
		"sideall": "stonebricksgeneric"
	}
}