{
	"Nach0IceBlock": {
		"categories": [
			"blocks",
			"resourceblocks",
			"ice",
			"a",
			"moreblocks",
			"nach0"
		],
		"icon": "Nach0IceBlock.png",
		"maxStackSize": 200,
		"sideall": "Nach0IceBlockTexture"
	},
	"Nach0IceBroken1": {
		"categories": [
			"blocks",
			"resourceblocks",
			"ice",
			"b",
			"moreblocks",
			"nach0"
		],
		"icon": "Nach0IceBroken1.png",
		"maxStackSize": 200,
		"sideall": "Nach0IceBroken1Texture"
	},
	"Nach0IceBroken2": {
		"categories": [
			"blocks",
			"resourceblocks",
			"ice",
			"c",
			"moreblocks",
			"nach0"
		],
		"icon": "Nach0IceBroken2.png",
		"maxStackSize": 200,
		"sideall": "Nach0IceBroken2Texture"
	},
	"Nach0IceBroken3": {
		"categories": [
			"blocks",
			"resourceblocks",
			"ice",
			"d",
			"moreblocks",
			"nach0"
		],
		"icon": "Nach0IceBroken3.png",
		"maxStackSize": 200,
		"sideall": "Nach0IceBroken3Texture"
	}
}