{
	"Nach0Stone1": {
		"categories": [
			"blocks",
			"exoitcblocks",
			"stone",
			"a",
			"moreblocks",
			"nach0"
		],
		"icon": "Nach0Stone1.png",
		"maxStackSize": 200,
		"sideall": "Nach0Stone1Texture"
	},
	"Nach0Stone2": {
		"categories": [
			"blocks",
			"exoitcblocks",
			"stone",
			"b",
			"moreblocks",
			"nach0"
		],
		"icon": "Nach0Stone2.png",
		"maxStackSize": 200,
		"sideall": "Nach0Stone2Texture"
	},
	"Nach0Stone3": {
		"categories": [
			"blocks",
			"exoitcblocks",
			"stone",
			"c",
			"moreblocks",
			"nach0"
		],
		"icon": "Nach0Stone3.png",
		"maxStackSize": 200,
		"sideall": "Nach0Stone3Texture"
	},
	"Nach0Stone4": {
		"categories": [
			"blocks",
			"exoitcblocks",
			"stone",
			"d",
			"moreblocks",
			"nach0"
		],
		"icon": "Nach0Stone4.png",
		"maxStackSize": 200,
		"sideall": "Nach0Stone4Texture"
	},
	"Nach0Stone5": {
		"categories": [
			"blocks",
			"exoitcblocks",
			"stone",
			"e",
			"moreblocks",
			"nach0"
		],
		"icon": "Nach0Stone5.png",
		"maxStackSize": 200,
		"sideall": "Nach0Stone5Texture"
	},
	"Nach0Rock": {
		"categories": [
			"blocks",
			"exoitcblocks",
			"stone",
			"f",
			"moreblocks",
			"nach0"
		],
		"icon": "Nach0Rock.png",
		"maxStackSize": 200,
		"sideall": "Nach0RockTexture"
	}
}