{
	"Nach0Concrete": {
		"categories": [
			"blocks",
			"buildingblocks",
			"concrete",
			"a",
			"moreblocks",
			"nach0"
		],
		"icon": "Nach0Concrete.png",
		"maxStackSize": 200,
		"sideall": "Nach0ConcreteTexture"
	},
	"Nach0GreyConcrete": {
		"categories": [
			"blocks",
			"buildingblocks",
			"concrete",
			"b",
			"moreblocks",
			"nach0"
		],
		"icon": "Nach0GreyConcrete.png",
		"maxStackSize": 200,
		"sideall": "Nach0GreyConcreteTexture"
	},
	"Nach0AquaConcrete": {
		"categories": [
			"blocks",
			"buildingblocks",
			"concrete",
			"c",
			"moreblocks",
			"nach0"
		],
		"icon": "Nach0AquaConcrete.png",
		"maxStackSize": 200,
		"sideall": "Nach0AquaConcreteTexture"
	},
	"Nach0BlackConcrete": {
		"categories": [
			"blocks",
			"buildingblocks",
			"concrete",
			"d",
			"moreblocks",
			"nach0"
		],
		"icon": "Nach0BlackConcrete.png",
		"maxStackSize": 200,
		"sideall": "Nach0BlackConcreteTexture"
	},
	"Nach0BlueConcrete": {
		"categories": [
			"blocks",
			"buildingblocks",
			"concrete",
			"e",
			"moreblocks",
			"nach0"
		],
		"icon": "Nach0BlueConcrete.png",
		"maxStackSize": 200,
		"sideall": "Nach0BlueConcreteTexture"
	},
	"Nach0BrownConcrete": {
		"categories": [
			"blocks",
			"buildingblocks",
			"concrete",
			"f",
			"moreblocks",
			"nach0"
		],
		"icon": "Nach0BrownConcrete.png",
		"maxStackSize": 200,
		"sideall": "Nach0BrownConcreteTexture"
	},
	"Nach0DarkGreenConcrete": {
		"categories": [
			"blocks",
			"buildingblocks",
			"concrete",
			"g",
			"moreblocks",
			"nach0"
		],
		"icon": "Nach0DarkGreenConcrete.png",
		"maxStackSize": 200,
		"sideall": "Nach0DarkGreenConcreteTexture"
	},
	"Nach0GreenConcrete": {
		"categories": [
			"blocks",
			"buildingblocks",
			"concrete",
			"h",
			"moreblocks",
			"nach0"
		],
		"icon": "Nach0GreenConcrete.png",
		"maxStackSize": 200,
		"sideall": "Nach0GreenConcreteTexture"
	},
	"Nach0LightBlueConcrete": {
		"categories": [
			"blocks",
			"buildingblocks",
			"concrete",
			"i",
			"moreblocks",
			"nach0"
		],
		"icon": "Nach0LightBlueConcrete.png",
		"maxStackSize": 200,
		"sideall": "Nach0LightBlueConcreteTexture"
	},
	"Nach0MagentaConcrete": {
		"categories": [
			"blocks",
			"buildingblocks",
			"concrete",
			"j",
			"moreblocks",
			"nach0"
		],
		"icon": "Nach0MagentaConcrete.png",
		"maxStackSize": 200,
		"sideall": "Nach0MagentaConcreteTexture"
	},
	"Nach0OrangeConcrete": {
		"categories": [
			"blocks",
			"buildingblocks",
			"concrete",
			"k",
			"moreblocks",
			"nach0"
		],
		"icon": "Nach0OrangeConcrete.png",
		"maxStackSize": 200,
		"sideall": "Nach0OrangeConcreteTexture"
	},
	"Nach0PinkConcrete": {
		"categories": [
			"blocks",
			"buildingblocks",
			"concrete",
			"l",
			"moreblocks",
			"nach0"
		],
		"icon": "Nach0PinkConcrete.png",
		"maxStackSize": 200,
		"sideall": "Nach0PinkConcreteTexture"
	},
	"Nach0PurpleConcrete": {
		"categories": [
			"blocks",
			"buildingblocks",
			"concrete",
			"m",
			"moreblocks",
			"nach0"
		],
		"icon": "Nach0PurpleConcrete.png",
		"maxStackSize": 200,
		"sideall": "Nach0PurpleConcreteTexture"
	},
	"Nach0RedConcrete": {
		"categories": [
			"blocks",
			"buildingblocks",
			"concrete",
			"n",
			"moreblocks",
			"nach0"
		],
		"icon": "Nach0RedConcrete.png",
		"maxStackSize": 200,
		"sideall": "Nach0RedConcreteTexture"
	},
	"Nach0WhiteConcrete": {
		"categories": [
			"blocks",
			"buildingblocks",
			"concrete",
			"o",
			"moreblocks",
			"nach0"
		],
		"icon": "Nach0WhiteConcrete.png",
		"maxStackSize": 200,
		"sideall": "Nach0WhiteConcreteTexture"
	},
	"Nach0YellowConcrete": {
		"categories": [
			"blocks",
			"buildingblocks",
			"concrete",
			"p",
			"moreblocks",
			"nach0"
		],
		"icon": "Nach0YellowConcrete.png",
		"maxStackSize": 200,
		"sideall": "Nach0YellowConcreteTexture"
	}
}