[{
		"defaultLimit": 5,
		"defaultPriority": -100,
		"isOptional": true,
		"name": "Nach0TreeLog1Craft-pipliz.merchant",
		"requires": [{
			"amount": 25,
			"type": "Nach0SilverCoins"
		}],
		"results": [{
			"amount": 1,
			"type": "Nach0TreeLog1"
		}]
	},
	{
		"defaultLimit": 5,
		"defaultPriority": -100,
		"isOptional": true,
		"name": "Nach0TreeLog2Craft-pipliz.merchant",
		"requires": [{
			"amount": 25,
			"type": "Nach0SilverCoins"
		}],
		"results": [{
			"amount": 1,
			"type": "Nach0TreeLog2"
		}]
	},
	{
		"defaultLimit": 5,
		"defaultPriority": -100,
		"isOptional": true,
		"name": "Nach0TreeLog3Craft-pipliz.merchant",
		"requires": [{
			"amount": 25,
			"type": "Nach0SilverCoins"
		}],
		"results": [{
			"amount": 1,
			"type": "Nach0TreeLog3"
		}]
	},
	{
		"defaultLimit": 5,
		"defaultPriority": -100,
		"isOptional": true,
		"name": "Nach0TreeLog4Craft-pipliz.merchant",
		"requires": [{
			"amount": 25,
			"type": "Nach0SilverCoins"
		}],
		"results": [{
			"amount": 1,
			"type": "Nach0TreeLog4"
		}]
	},
	{
		"defaultLimit": 5,
		"defaultPriority": -100,
		"isOptional": true,
		"name": "Nach0TreeLog5Craft-pipliz.merchant",
		"requires": [{
			"amount": 25,
			"type": "Nach0SilverCoins"
		}],
		"results": [{
			"amount": 1,
			"type": "Nach0TreeLog5"
		}]
	},
	{
		"defaultLimit": 5,
		"defaultPriority": -100,
		"isOptional": true,
		"name": "Nach0TreeLog6Craft-pipliz.merchant",
		"requires": [{
			"amount": 25,
			"type": "Nach0SilverCoins"
		}],
		"results": [{
			"amount": 1,
			"type": "Nach0TreeLog6"
		}]
	}
]