[{
		"defaultLimit": 100,
		"defaultPriority": -100,
		"isOptional": false,
		"name": "Nach0Bricks1Craft-Nach0BrickLayerJob",
		"requires": [{
				"amount": 20,
				"type": "Nach0Brick"
			},
			{
				"amount": 1,
				"type": "Nach0CementPowder"
			},
			{
				"amount": 3,
				"type": "Khanx.SimpleFluids.WaterBucket"
			}
		],
		"results": [{
				"amount": 5,
				"type": "Nach0Brick1"
			},
			{
				"amount": 3,
				"type": "Khanx.SimpleFluids.EmptyBucket"
			}
		]
	},
	{
		"defaultLimit": 100,
		"defaultPriority": -100,
		"isOptional": false,
		"name": "Nach0Bricks2Craft-Nach0BrickLayerJob",
		"requires": [{
				"amount": 20,
				"type": "Nach0Brick"
			},
			{
				"amount": 1,
				"type": "Nach0CementPowder"
			},
			{
				"amount": 3,
				"type": "Khanx.SimpleFluids.WaterBucket"
			}
		],
		"results": [{
				"amount": 5,
				"type": "Nach0Brick2"
			},
			{
				"amount": 3,
				"type": "Khanx.SimpleFluids.EmptyBucket"
			}
		]
	}
]