[{
	"defaultLimit": 25,
	"defaultPriority": -100,
	"isOptional": false,
	"name": "Nach0VanillaBricksStairs-Nach0BrickLayerJob",
	"requires": [{
			"amount": 15,
			"type": "Nach0Brick"
		},
		{
			"amount": 1,
			"type": "Nach0CementPowder"
		},
		{
			"amount": 2,
			"type": "Khanx.SimpleFluids.WaterBucket"
		}
	],
	"results": [{
			"amount": 5,
			"type": "Nach0VanillaBricksStairs"
		},
		{
			"amount": 2,
			"type": "Khanx.SimpleFluids.EmptyBucket"
		}
	]
},
{
	"defaultLimit": 25,
	"defaultPriority": -100,
	"isOptional": false,
	"name": "Nach0Brick1Stairs-Nach0BrickLayerJob",
	"requires": [{
			"amount": 15,
			"type": "Nach0Brick"
		},
		{
			"amount": 1,
			"type": "Nach0CementPowder"
		},
		{
			"amount": 2,
			"type": "Khanx.SimpleFluids.WaterBucket"
		}
	],
	"results": [{
			"amount": 5,
			"type": "Nach0Brick1Stairs"
		},
		{
			"amount": 2,
			"type": "Khanx.SimpleFluids.EmptyBucket"
		}
	]
},,
{
	"defaultLimit": 25,
	"defaultPriority": -100,
	"isOptional": false,
	"name": "Nach0Brick2Stairs-Nach0BrickLayerJob",
	"requires": [{
			"amount": 15,
			"type": "Nach0Brick"
		},
		{
			"amount": 1,
			"type": "Nach0CementPowder"
		},
		{
			"amount": 2,
			"type": "Khanx.SimpleFluids.WaterBucket"
		}
	],
	"results": [{
			"amount": 5,
			"type": "Nach0Brick2Stairs"
		},
		{
			"amount": 2,
			"type": "Khanx.SimpleFluids.EmptyBucket"
		}
	]
}]